id,title,description,link,image_link,price,availability
64e77b123ea5cc0a93b24ad8,Drinks Like a Sailor Swears Like a Fish Mug 11oz,A fun hand-lettered twist on some common sayings. Never run out of your favorite hot drink! Durable white ceramic mug in the most popular size. • Black ceramic • 11 oz (0.33 l) • C-handle • Dishwasher safe,https://awongisright.com/shop/drinks-like-a-sailor-swears-like-a-fish-mug-11oz-1,https://images.squarespace-cdn.com/content/v1/5d1f805519480f0001cfe1b6/1692891926163-IMFX744FF1SA2OLJ90OC/45b5e7064a60840e07323ae6c60306e0 https://images.squarespace-cdn.com/content/v1/5d1f805519480f0001cfe1b6/1692891929637-VPOZTTX3RUHMQCG38UAJ/623a05da2ca46e1e008946a430ca2327 https://images.squarespace-cdn.com/content/v1/5d1f805519480f0001cfe1b6/1692891929948-E0PO0BQ7DLTRS7RJCS1I/ab23d6d588f3d4d8dcf47e4e90fe4b99 https://images.squarespace-cdn.com/content/v1/5d1f805519480f0001cfe1b6/1692891930169-0JHEV2GIK0VJ2KN1UWW1/69ab9c449b6f8acad8f0bf34eef08768 https://images.squarespace-cdn.com/content/v1/5d1f805519480f0001cfe1b6/1692891930411-26BLQYO0TGU56YFBJ063/de4886190c44a4d1a1b5a19fc453c71c https://images.squarespace-cdn.com/content/v1/5d1f805519480f0001cfe1b6/1692891930732-ZNI2X06CMHD5FAFCKNCJ/46d3f05279b6f8288e950454ed26841d https://images.squarespace-cdn.com/content/v1/5d1f805519480f0001cfe1b6/1692891932886-KDU6J0U974F6A62DQ37P/211440936eaffcb37914bf4a0ee5362a https://images.squarespace-cdn.com/content/v1/5d1f805519480f0001cfe1b6/1692891932904-F4PKSQU8F7UA8N1RTBS7/c5a3df5922e00ab4078179c7f15b6979 https://images.squarespace-cdn.com/content/v1/5d1f805519480f0001cfe1b6/1692891933318-UPWJKQWJDO2RMMG4YZA6/792b60668f146f2fa8505c0b82039e72 https://images.squarespace-cdn.com/content/v1/5d1f805519480f0001cfe1b6/1692891933727-OLWSHD2QLRI3Q5VZ6UI6/a7f6f0eef07918630a69c2fbbffab8b3 https://images.squarespace-cdn.com/content/v1/5d1f805519480f0001cfe1b6/1692891933994-PXTXJ6VE6G49G75NVMH1/aabd2bc7ca847fc438c3e66936c308bc https://images.squarespace-cdn.com/content/v1/5d1f805519480f0001cfe1b6/1692891937413-IWF3E2EU63OWBCCVZSWV/5fdcd5cf9b0c6153fe2a79d1fd875dcf, $7.33 ,in stock
64e77ad68179522705a8d5c0,Shit Could Be Worse mug 11oz,"Bestselling poster, now available as a mug. Never run out of your favorite hot drink! Durable black ceramic mug with gold lettering. • Black ceramic • 11 oz (0.33 l) • C-handle • Dishwasher safe",https://awongisright.com/shop/shit-could-be-worse-mug-11oz,https://images.squarespace-cdn.com/content/v1/5d1f805519480f0001cfe1b6/1692891865276-V04N4DF8RXSCGLELU41M/1db3d2da31b57047f8b58ecfb1aea2ba https://images.squarespace-cdn.com/content/v1/5d1f805519480f0001cfe1b6/1692891869037-WG1CUHXQXKU3JDL5V7TD/20d4613115bbdb4c95a176839a75778e https://images.squarespace-cdn.com/content/v1/5d1f805519480f0001cfe1b6/1692891869194-OHWHAFH0763AOARO1DBM/7ac5c5a428b51a49aeaf2aee98111ab0 https://images.squarespace-cdn.com/content/v1/5d1f805519480f0001cfe1b6/1692891869926-J38ZSVDDXWVEIIBRPTKT/ce0e63b1fed071e1dfeefc6d61c45c78 https://images.squarespace-cdn.com/content/v1/5d1f805519480f0001cfe1b6/1692891869967-3V4AGSAEWC74SUO3B8Y3/56f1e6427921f901fbc03a77bb026ac5 https://images.squarespace-cdn.com/content/v1/5d1f805519480f0001cfe1b6/1692891869969-V72BR6109Q8FWCJ9SBRW/179be2e89cdaf4fd5a09b54befb47b5f, $9.95 ,in stock
64e77a883ea5cc0a93b24a67,If You Can't Say Anything Nice Say Something Sarcastic Mug 11oz,A fun hand-lettered twist to a common saying. Never run out of your favorite hot drink! Durable white ceramic mug in the most popular size. • White ceramic • 11 oz (0.33 l) • C-handle • Dishwasher safe,https://awongisright.com/shop/if-you-cant-say-anything-nice-say-something-sarcastic-mug-11oz-1,https://images.squarespace-cdn.com/content/v1/5d1f805519480f0001cfe1b6/1692891788618-UZSSF18I2SY1Z001JHZE/0e60858364fe995e92e5a0a1d922c3f3 https://images.squarespace-cdn.com/content/v1/5d1f805519480f0001cfe1b6/1692891792491-6W1OWXNSO7BTRP5RY94C/4386d95240e7952639cd8aeb9e31c4fc https://images.squarespace-cdn.com/content/v1/5d1f805519480f0001cfe1b6/1692891792697-S0N0YKHPM8UECBD78815/b047acb0bbe9d7fa553ca77b772db370 https://images.squarespace-cdn.com/content/v1/5d1f805519480f0001cfe1b6/1692891792898-RZ67Y1DDTB7QQCLPREIS/10f296aeec9d1ed955eafabb6045b24b https://images.squarespace-cdn.com/content/v1/5d1f805519480f0001cfe1b6/1692891793068-VOLF0W7X1PA4UNK7WBA6/9820d72fa6fe5e5c797a82e5d91fcb5e https://images.squarespace-cdn.com/content/v1/5d1f805519480f0001cfe1b6/1692891793881-LANAFUK1BEQWTMFJN5B8/5b593bf08a207a1679c616e264b2be01 https://images.squarespace-cdn.com/content/v1/5d1f805519480f0001cfe1b6/1692891795978-FX75Z2U5VWF09JQ8S71B/093eebc01073103000336ed8edf0dd9a https://images.squarespace-cdn.com/content/v1/5d1f805519480f0001cfe1b6/1692891796096-HSW8NFR0NGTRFEIWICUA/baddd6f3accefb7bf6f6ff019301b708 https://images.squarespace-cdn.com/content/v1/5d1f805519480f0001cfe1b6/1692891796857-A3EF7V6V7F5FKCMJYEP1/d45ddcd56b8445c7e064555c27898525 https://images.squarespace-cdn.com/content/v1/5d1f805519480f0001cfe1b6/1692891797240-H455MT1H8UFU6KBUB7FP/c5773e865205dc87e18efc52ebdb38ef https://images.squarespace-cdn.com/content/v1/5d1f805519480f0001cfe1b6/1692891797763-VZKK4914P2RVLVAFIG1R/02de61df1723451d569b6cef046846f2 https://images.squarespace-cdn.com/content/v1/5d1f805519480f0001cfe1b6/1692891799399-HAD8TZKD6KOU80LQN034/befc26c57457dd9731500152e25e0dbc, $7.33 ,in stock
64e77a098179522705a8d525,Letter A Mug 11oz,"A fun hand-lettered A. Never run out of your favorite hot drink! Durable white ceramic mug in the most popular size.
• White ceramic • 11 oz (0.33 l) • C-handle • Dishwasher safe",https://awongisright.com/shop/letter-a-mug-11oz-1,https://images.squarespace-cdn.com/content/v1/5d1f805519480f0001cfe1b6/1692891809546-RT0PG4UW0NENQ3C6JY8Y/9b8fd192e36bed25f2399842a42531c0 https://images.squarespace-cdn.com/content/v1/5d1f805519480f0001cfe1b6/1692891811587-1PGCG7ELB2544WY194T9/9822d558cef84d71759a0062f6670bd5 https://images.squarespace-cdn.com/content/v1/5d1f805519480f0001cfe1b6/1692891811812-6UNFG2KMKUP1NCCFZPRI/2f256a363af99a3a7fa66555405ed952 https://images.squarespace-cdn.com/content/v1/5d1f805519480f0001cfe1b6/1692891812098-Q0V9RP2EXBVIP9JH5HU0/90449dc0742fa7f4edde95a84503296f https://images.squarespace-cdn.com/content/v1/5d1f805519480f0001cfe1b6/1692891812289-HEX421DF10ES1LWZCAWW/a44b8ba4da07e23ddd71ef91823d6c4c https://images.squarespace-cdn.com/content/v1/5d1f805519480f0001cfe1b6/1692891812393-MQT4A3ZV472ZRL25J8VU/f3cea9ce00c692a594bf92d13dc9c2a4 https://images.squarespace-cdn.com/content/v1/5d1f805519480f0001cfe1b6/1692891813547-39XI4ILIJVI4A4P6HA8W/aa970929b427981c23bfbda48ef98987 https://images.squarespace-cdn.com/content/v1/5d1f805519480f0001cfe1b6/1692891813890-UB352PW3TL8183W819XU/81230b2819b680e4a610cd8cbc2dd51e https://images.squarespace-cdn.com/content/v1/5d1f805519480f0001cfe1b6/1692891813984-V9VQVZQKLEKS5B09F9NV/f99dc6a0f91f81b663a40381b38d4637 https://images.squarespace-cdn.com/content/v1/5d1f805519480f0001cfe1b6/1692891814157-72ETLFI3C1F7YTZF85R7/1b35b5ea3e4f4616a331bb1caefc944b https://images.squarespace-cdn.com/content/v1/5d1f805519480f0001cfe1b6/1692891814159-ZOO6U1G9LPKX4H1A61B4/0a0092ef460c6462829b7cdfcbd9b83a https://images.squarespace-cdn.com/content/v1/5d1f805519480f0001cfe1b6/1692891815602-7W9AUFAK101VFSWVWL0R/3b233d9c2b4ab9afb994db80ace8185a, $7.33 ,in stock
645714e12e34463339770543,Funny Tea Towel Burrito Eaters,"The perfect towel for any burrito lover, no matter their method of consumption.
- Material: 90% micro polyester, 10% polyamide (11.6oz/yd² (360 g/m²)) - One size: 16x34; x 25x34;; (40.6cm × 63.5cm) - Sewn-in care label - Blanks are sourced from China, printed and shipped in the US",https://awongisright.com/shop/copy-of-funny-tea-towel-early-bird-early-worm,https://images.squarespace-cdn.com/content/v1/5d1f805519480f0001cfe1b6/1683512612158-97RN0UFQF1PBZJMIMT5M/4a656d099fe26aeacab1afd454ac8ede https://images.squarespace-cdn.com/content/v1/5d1f805519480f0001cfe1b6/1683512613880-82ETGW2XRTOGCFUEO9GX/dcbf618dd83f636f3705a3bc72987abc https://images.squarespace-cdn.com/content/v1/5d1f805519480f0001cfe1b6/1683512613995-UHPOFWC7CTZPC646QHNO/21ebd60a251dcaab4b5019479eead237 https://images.squarespace-cdn.com/content/v1/5d1f805519480f0001cfe1b6/1683512614308-HGJGJCE32OJOMRO039TR/4a66f5e1769a8797ad8ff4ff7ceec713 https://images.squarespace-cdn.com/content/v1/5d1f805519480f0001cfe1b6/1683512614435-3H9OPQ9GA7LPJIAVXK10/f39e3c4d9a0a0691ee4481ea5a0a8141 https://images.squarespace-cdn.com/content/v1/5d1f805519480f0001cfe1b6/1683512614531-TP0CJA3S9N741YIW7AP8/af5b2f002916cfa77cde199bb76cf196, $15.00 ,in stock
6371445a2b948c6721bff994,"Simple Folded Card - XO, Linoleum Block Print w/envelope","4x6"" folded XO card with envelope. Cards are hand-printed 2-process linoleum block prints in red and white on 140 lb. Muscletone cover stock from French Paper Co. Block is hand carved. Inside is blank. Each print is individually pressed by hand and will contain some unique imperfections.<br><br>Great for anniversaries, love notes, or just to tell someone hello!<br><br>This card was featured on Design Sponge* http://www.designsponge.com/2012/01/est-1986-valentines-day-cards.html<br><br>Please contact me for larger orders.",https://awongisright.com/shop/simple-folded-card-xo-linoleum-block-print-wenvelope,https://images.squarespace-cdn.com/content/v1/5d1f805519480f0001cfe1b6/1668367450534-8TR3A2YJ8E2XCVHQ4WXL/https%3A%2F%2Fi.etsystatic.com%2F6311609%2Fr%2Fil%2Fa16c9b%2F438805209%2Fil_fullxfull.438805209_e5kk.jpg https://images.squarespace-cdn.com/content/v1/5d1f805519480f0001cfe1b6/1668367450987-WE93BP8AGP1QJOCIGNAE/https%3A%2F%2Fi.etsystatic.com%2F6311609%2Fr%2Fil%2Ff96ffa%2F438793242%2Fil_fullxfull.438793242_hk6g.jpg https://images.squarespace-cdn.com/content/v1/5d1f805519480f0001cfe1b6/1668367451524-BJX96HWRDBVP9KAHZZHY/https%3A%2F%2Fi.etsystatic.com%2F6311609%2Fr%2Fil%2Feaa21e%2F301213031%2Fil_fullxfull.301213031.jpg https://images.squarespace-cdn.com/content/v1/5d1f805519480f0001cfe1b6/1668367452028-4SRVJK55I04IMAVTUUTS/https%3A%2F%2Fi.etsystatic.com%2F6311609%2Fr%2Fil%2F2ef837%2F301213193%2Fil_fullxfull.301213193.jpg, $5.00 ,in stock
637144582b948c6721bff991,"Retro Thank You Card, Linoleum Block Print w/envelope","4x6” folded Thank You Card with 100% recycled paper envelope. This retro style card is a single process linoleum block print in orange on 140 lb. Muscletone cardstock from French Paper Co. Inside is blank. Each print is individually pressed by hand and will contain some unique imperfections. <br><br>Please contact me for larger orders.",https://awongisright.com/shop/retro-thank-you-card-linoleum-block-print-wenvelope,https://images.squarespace-cdn.com/content/v1/5d1f805519480f0001cfe1b6/1668367448859-3TZH6K6AIIOLWK3M9K1F/https%3A%2F%2Fi.etsystatic.com%2F6311609%2Fr%2Fil%2F864c3b%2F438791502%2Fil_fullxfull.438791502_30fj.jpg https://images.squarespace-cdn.com/content/v1/5d1f805519480f0001cfe1b6/1668367449403-ZCHT7ETPFXINMOBPOT3S/https%3A%2F%2Fi.etsystatic.com%2F6311609%2Fr%2Fil%2Fa90db2%2F438791500%2Fil_fullxfull.438791500_trga.jpg, $5.00 ,in stock
637144435e4d981e96bd8807,"Funny Birthday Card (Belated), Linoleum Block Print w/envelope","4x6"" folded belated birthday card that reads ""Better late than never, Happy Birthday"". <br><br>Card is a 2-process linoleum block print on 140 lb. Muscletone cover stock from French Paper Co. Printed in black and red. <br><br>Inside is blank. <br><br>Each print is individually pressed by hand and will contain some unique imperfections.",https://awongisright.com/shop/funny-birthday-card-belated-linoleum-block-print-wenvelope,https://images.squarespace-cdn.com/content/v1/5d1f805519480f0001cfe1b6/1668367428025-NSH9JSY2C5BZQLZLUGTK/https%3A%2F%2Fi.etsystatic.com%2F6311609%2Fr%2Fil%2Fd52416%2F743089808%2Fil_fullxfull.743089808_psk5.jpg https://images.squarespace-cdn.com/content/v1/5d1f805519480f0001cfe1b6/1668367428549-BAMZS2DODTEJBV2VK8MS/https%3A%2F%2Fi.etsystatic.com%2F6311609%2Fr%2Fil%2Ffe40b0%2F743089652%2Fil_fullxfull.743089652_oxwv.jpg https://images.squarespace-cdn.com/content/v1/5d1f805519480f0001cfe1b6/1668367429297-E885CO58J2SPP2X3ZUW3/https%3A%2F%2Fi.etsystatic.com%2F6311609%2Fr%2Fil%2Ff0afd5%2F743214031%2Fil_fullxfull.743214031_khuo.jpg, $6.00 ,in stock
63714440ff31ab3905ea1d5e,"Simple Greeting Card - Bluebirds, Silkscreen Card w/envelope","Great springtime card for Mother's Day, Father's day or just to say hi.<br><br>4x6” folded bluebirds card with 100% recycled paper envelope. Card is a 2-process silkscreen print in hand-mixed blue and black ink on 140 lb. Muscletone cardstock from French Paper Co. Inside is blank. Each print is individually pulled by hand and will contain some unique imperfections. Colors may vary.<br><br>Please contact me for larger orders.",https://awongisright.com/shop/simple-greeting-card-bluebirds-silkscreen-card-wenvelope,https://images.squarespace-cdn.com/content/v1/5d1f805519480f0001cfe1b6/1668367425279-DAYIA4TFK6DFO5BJRZHW/https%3A%2F%2Fi.etsystatic.com%2F6311609%2Fr%2Fil%2F806137%2F438808783%2Fil_fullxfull.438808783_i95i.jpg https://images.squarespace-cdn.com/content/v1/5d1f805519480f0001cfe1b6/1668367425937-GKVMJ648W2ULPPT7U20U/https%3A%2F%2Fi.etsystatic.com%2F6311609%2Fr%2Fil%2Ff1bcfd%2F438796706%2Fil_fullxfull.438796706_d77y.jpg https://images.squarespace-cdn.com/content/v1/5d1f805519480f0001cfe1b6/1668367426579-K238C5I9ADOBKA6IJPQD/https%3A%2F%2Fi.etsystatic.com%2F6311609%2Fr%2Fil%2F4cd861%2F438796718%2Fil_fullxfull.438796718_aes4.jpg, $6.00 ,in stock
6371443bff31ab3905ea1d58,"Bright Greeting Card - Oh Hello, Silkscreen Card w/envelope","6x4” folded Oh Hello card with 100% recycled paper envelope. Card is a 2-process silkscreen print in hand-mixed yellow and blue on 140 lb. Muscletone cardstock from French Paper Co. Inside is blank. Each print is individually pulled by hand and will contain some unique imperfections. <br><br>Please contact me for larger orders.",https://awongisright.com/shop/bright-greeting-card-oh-hello-silkscreen-card-wenvelope,https://images.squarespace-cdn.com/content/v1/5d1f805519480f0001cfe1b6/1668367419995-FH5PA5WAIH8H5ZHM6Z36/https%3A%2F%2Fi.etsystatic.com%2F6311609%2Fr%2Fil%2Fcb29ff%2F438794202%2Fil_fullxfull.438794202_hszw.jpg https://images.squarespace-cdn.com/content/v1/5d1f805519480f0001cfe1b6/1668367420651-0N4QOGH5X976VJ03ESJU/https%3A%2F%2Fi.etsystatic.com%2F6311609%2Fr%2Fil%2F199bea%2F438794200%2Fil_fullxfull.438794200_5xzr.jpg, $6.00 ,in stock
637144235e4d981e96bd87e4,Cute silkscreen animal greeting card - Benson and Hedgehog,"Simple silkscreen greeting card (4x6"") of two best friends on 140# cardstock from French Paper Co. Based on my 105lb. mastiff. Each print is hand cut and hand pulled and will contain minor variations. Balloon and bow tie are hand painted.",https://awongisright.com/shop/cute-silkscreen-animal-greeting-card-benson-and-hedgehog,https://images.squarespace-cdn.com/content/v1/5d1f805519480f0001cfe1b6/1668367395402-2FJFTGPU74LK5XDGSDUO/https%3A%2F%2Fi.etsystatic.com%2F6311609%2Fr%2Fil%2F15ba6e%2F4175290752%2Fil_fullxfull.4175290752_y4s2.jpg https://images.squarespace-cdn.com/content/v1/5d1f805519480f0001cfe1b6/1668367396185-YMBZIB0H5PPFNLDIMUU7/https%3A%2F%2Fi.etsystatic.com%2F6311609%2Fr%2Fil%2Fbb8085%2F4222941413%2Fil_fullxfull.4222941413_8hbg.jpg https://images.squarespace-cdn.com/content/v1/5d1f805519480f0001cfe1b6/1668367396996-WVBYSKNOPHKWCPH72BE3/https%3A%2F%2Fi.etsystatic.com%2F6311609%2Fr%2Fil%2F41da8e%2F4175290682%2Fil_fullxfull.4175290682_ar6x.jpg https://images.squarespace-cdn.com/content/v1/5d1f805519480f0001cfe1b6/1668367397461-8J6Z0ITE9Q6P1IPGCVDI/https%3A%2F%2Fi.etsystatic.com%2F6311609%2Fr%2Fil%2F03c434%2F4175290596%2Fil_fullxfull.4175290596_3ber.jpg https://images.squarespace-cdn.com/content/v1/5d1f805519480f0001cfe1b6/1668367397900-L1L7OHAK1T8NLQP5E258/https%3A%2F%2Fi.etsystatic.com%2F6311609%2Fr%2Fil%2Ffb0dd4%2F4175262624%2Fil_fullxfull.4175262624_sqt9.jpg, $6.00 ,in stock
63714415ff31ab3905ea1d32,"Fun Party Invite, Silkscreen Postcards (5-pack)","4x6” party invite postcards. Front is hand mixed orange acrylic ink printed on 140 lb. Muscletone cover stock from French Paper Co. Back is printed in black with space for all your party information. These invitations are simple, fun and adds a personal touch to any party. Each print is pulled by hand and will contain some unique imperfections. Color may vary.<br><br>Please contact me for larger orders.",https://awongisright.com/shop/fun-party-invite-silkscreen-postcards-5-pack,https://images.squarespace-cdn.com/content/v1/5d1f805519480f0001cfe1b6/1668367381564-285BTZGP6I0SEM2MN6O7/https%3A%2F%2Fi.etsystatic.com%2F6311609%2Fr%2Fil%2F24b67f%2F438794370%2Fil_fullxfull.438794370_kx0a.jpg https://images.squarespace-cdn.com/content/v1/5d1f805519480f0001cfe1b6/1668367382298-BLVVLJFOXEXXB0KRV92C/https%3A%2F%2Fi.etsystatic.com%2F6311609%2Fr%2Fil%2F76b383%2F438794368%2Fil_fullxfull.438794368_kl9t.jpg, $12.50 ,in stock
637143f52b948c6721bff913,Simple Silkscreen 4x6 card - Running Race Kit,"4x6"" card featuring race kit icons. Perfect for a post-race congratulations.<br><br>Card is hand cut single-process silkscreen print in gold ink on 140 lb. Speckletone cover stock from French Paper Co. Each of the prints is individually pulled by hand and will contain some unique imperfections.",https://awongisright.com/shop/simple-silkscreen-4x6-card-running-race-kit,https://images.squarespace-cdn.com/content/v1/5d1f805519480f0001cfe1b6/1668367349472-2FBP7G1VO7NH35OH8588/https%3A%2F%2Fi.etsystatic.com%2F6311609%2Fr%2Fil%2F9a57ec%2F672888418%2Fil_fullxfull.672888418_mv9t.jpg https://images.squarespace-cdn.com/content/v1/5d1f805519480f0001cfe1b6/1668367350109-NMXR6JFPTKXGQGZ76O6U/https%3A%2F%2Fi.etsystatic.com%2F6311609%2Fr%2Fil%2F4e7389%2F673008467%2Fil_fullxfull.673008467_nhh3.jpg https://images.squarespace-cdn.com/content/v1/5d1f805519480f0001cfe1b6/1668367350602-B7XA6TLSRX5XBAQ9KPG1/https%3A%2F%2Fi.etsystatic.com%2F6311609%2Fr%2Fil%2Fb1ce64%2F673008457%2Fil_fullxfull.673008457_3z53.jpg, $6.00 ,in stock
637143efff31ab3905ea1d0a,"Simple Greeting Notecards - XO, Linoleum block Notecards w/envelopes (5-pack)","4x6"" XO notecards (postcard style) with envelopes – available in packs of 5. Cards are hand-printed 2-process linoleum block prints in red and white on 140 lb. Muscletone cover stock from French Paper Co. Block is hand carved. Each print is individually pressed by hand and will contain some unique imperfections.<br><br>Great for anniversaries, love notes, or just to tell someone hello!<br><br>Please contact me for larger orders.",https://awongisright.com/shop/simple-greeting-notecards-xo-linoleum-block-notecards-wenvelopes-5-pack,https://images.squarespace-cdn.com/content/v1/5d1f805519480f0001cfe1b6/1668367343468-S7XINCTWHW0BEYDUVFIW/https%3A%2F%2Fi.etsystatic.com%2F6311609%2Fr%2Fil%2Fa8ed2a%2F439044337%2Fil_fullxfull.439044337_brji.jpg https://images.squarespace-cdn.com/content/v1/5d1f805519480f0001cfe1b6/1668367344074-LVIYVCK7SLMW7TT1534M/https%3A%2F%2Fi.etsystatic.com%2F6311609%2Fr%2Fil%2F7b9661%2F439031030%2Fil_fullxfull.439031030_cm3w.jpg, $12.50 ,in stock
637143edf75f4e3465728b1e,"Funny Birthday Card, Linoleum Block print w/envelope","4x6"" folded Happy F*cking Birthday card. Card is a 2-process linoleum block print on 140 lb. Muscletone cover stock from French Paper Co. Printed in orange with white asterisk overprint. Inside is blank. Each print is individually pressed by hand and will contain some unique imperfections.<br><br>Please contact me for larger orders.",https://awongisright.com/shop/funny-birthday-card-linoleum-block-print-wenvelope,https://images.squarespace-cdn.com/content/v1/5d1f805519480f0001cfe1b6/1668367341608-U6R63JYWSR239XPKZKER/https%3A%2F%2Fi.etsystatic.com%2F6311609%2Fr%2Fil%2F2058d7%2F438791160%2Fil_fullxfull.438791160_spb1.jpg https://images.squarespace-cdn.com/content/v1/5d1f805519480f0001cfe1b6/1668367342109-5BM8Y12RKHZK2CU2JLM6/https%3A%2F%2Fi.etsystatic.com%2F6311609%2Fr%2Fil%2F234de0%2F438791158%2Fil_fullxfull.438791158_d3o3.jpg, $5.00 ,in stock
63d6f1e831372c3054957fda,"Cute silkscreen animal poster - Small but mighty, mighty but gentle","<p class="""">Simple 3-process silkscreen print with hand lettered typography and two best friends. Printed in neon pink and gold ink on 80# Cover from French Paper Co. Please note, pink comes through slightly more orange in person.<p class="""">Based on my 105lb. mastiff. Each print is hand cut and hand pulled and will contain minor variations. Looks great framed or unframed.",https://awongisright.com/shop/cute-silkscreen-animal-poster-small-but-mighty-mighty-but-gentle,https://images.squarespace-cdn.com/content/v1/5d1f805519480f0001cfe1b6/1675360548986-64LVA37MEQTCXQICS3VY/IMG_4056.jpg https://images.squarespace-cdn.com/content/v1/5d1f805519480f0001cfe1b6/1675031063096-MCU92X32T3PZ990IXQW8/IMG_4080.jpg https://images.squarespace-cdn.com/content/v1/5d1f805519480f0001cfe1b6/1675031062554-J64G90SWGBS25VSG00LW/IMG_4062.jpg https://images.squarespace-cdn.com/content/v1/5d1f805519480f0001cfe1b6/1675031063027-48KV0JM6BJIGQGBTC1ZR/IMG_4063.jpg https://images.squarespace-cdn.com/content/v1/5d1f805519480f0001cfe1b6/1675031063150-20MX8FGMX751C0TCRSP1/IMG_4064.jpg, $30.00 ,in stock
63714467f75f4e3465728bbb,Cute Silkscreen Poster - Hedgehog Adventurer,"9x12"" poster. Poster is hand cut 4-process screenprint on 80 lb. coverstock with a slight texture. Each print was individually pulled by hand and signed, and will contain some unique imperfections. <br><br>Looks great in a kid's room or for a hedgehog lover, framed or unframed.",https://awongisright.com/shop/cute-silkscreen-poster-hedgehog-adventurer,https://images.squarespace-cdn.com/content/v1/5d1f805519480f0001cfe1b6/1668367464055-0H2VHYBFACI84AJ50JVD/https%3A%2F%2Fi.etsystatic.com%2F6311609%2Fr%2Fil%2Fe56c5a%2F3204557211%2Fil_fullxfull.3204557211_rir8.jpg https://images.squarespace-cdn.com/content/v1/5d1f805519480f0001cfe1b6/1668367464526-O106FET5UCWQUWIBP4K5/https%3A%2F%2Fi.etsystatic.com%2F6311609%2Fr%2Fil%2F4bf61a%2F3204557239%2Fil_fullxfull.3204557239_tir9.jpg https://images.squarespace-cdn.com/content/v1/5d1f805519480f0001cfe1b6/1668367465057-F45L8BX0X4AT7N9CLAQ8/https%3A%2F%2Fi.etsystatic.com%2F6311609%2Fr%2Fil%2F4f8c2d%2F3156848334%2Fil_fullxfull.3156848334_6l43.jpg https://images.squarespace-cdn.com/content/v1/5d1f805519480f0001cfe1b6/1668367465690-K85VY97B4T9J2QLQC8G5/https%3A%2F%2Fi.etsystatic.com%2F6311609%2Fr%2Fil%2F00c19a%2F3204557343%2Fil_fullxfull.3204557343_84n0.jpg, $32.50 ,in stock
63714462ff31ab3905ea1d8d,Funny Silkscreen Poster - The Possibilities Are Endless* Some Restrictions May Apply,"11x14"" poster. Poster is hand cut 2-process screenprint on 80lb. or 100lb. coverstock with a slight texture. Each print was individually pulled by hand and signed, and will contain some unique imperfections. <br><br>Variations:<br>White with black and neon yellow ink<br>Black with white and neon yellow ink (ink comes thru slightly greener on black)<br><br>Looks great at home or in an office, framed or unframed.",https://awongisright.com/shop/funny-silkscreen-poster-the-possibilities-are-endless-some-restrictions-may-apply,https://images.squarespace-cdn.com/content/v1/5d1f805519480f0001cfe1b6/1668367459065-YUKRILOKXKYBMUNR5FQF/https%3A%2F%2Fi.etsystatic.com%2F6311609%2Fr%2Fil%2F23e85d%2F3156864290%2Fil_fullxfull.3156864290_2dw6.jpg https://images.squarespace-cdn.com/content/v1/5d1f805519480f0001cfe1b6/1668367459610-1WPUDOZXBIY46NQZXBED/https%3A%2F%2Fi.etsystatic.com%2F6311609%2Fr%2Fil%2F3606b3%2F3204573627%2Fil_fullxfull.3204573627_k43p.jpg https://images.squarespace-cdn.com/content/v1/5d1f805519480f0001cfe1b6/1668367460593-4GYGOLQXJGMFVYEN4AJZ/https%3A%2F%2Fi.etsystatic.com%2F6311609%2Fr%2Fil%2F9dfa8d%2F3156864444%2Fil_fullxfull.3156864444_jvl4.jpg https://images.squarespace-cdn.com/content/v1/5d1f805519480f0001cfe1b6/1668367461128-DRR6QFFA6VBZBMZ8KAOM/https%3A%2F%2Fi.etsystatic.com%2F6311609%2Fr%2Fil%2F2e8966%2F3204573767%2Fil_fullxfull.3204573767_qkjx.jpg https://images.squarespace-cdn.com/content/v1/5d1f805519480f0001cfe1b6/1668367461645-GXRAFADRCK3DN2XEFAD2/https%3A%2F%2Fi.etsystatic.com%2F6311609%2Fr%2Fil%2F440073%2F3156864526%2Fil_fullxfull.3156864526_aesl.jpg https://images.squarespace-cdn.com/content/v1/5d1f805519480f0001cfe1b6/1668367462260-SXFYHAY2BFDTG74GDLWK/https%3A%2F%2Fi.etsystatic.com%2F6311609%2Fr%2Fil%2Ff3e517%2F3156864584%2Fil_fullxfull.3156864584_8btp.jpg, $27.50 ,in stock
63714460f75f4e3465728bb4,Simple Linoleum Print Poster - Letter C,"9x9"" poster with hand-drawn/hand cut letter C. <br><br>Poster is hand cut single-process linoleum block print in teal ink on 100 lb. Speckletone cover stock from French Paper Co. Each print is individually pressed by hand and signed, and will contain some unique imperfections.",https://awongisright.com/shop/simple-linoleum-print-poster-letter-c,https://images.squarespace-cdn.com/content/v1/5d1f805519480f0001cfe1b6/1668367456532-T711UH9RNGVPLOOJTZDG/https%3A%2F%2Fi.etsystatic.com%2F6311609%2Fr%2Fil%2F0d8fa8%2F3204567623%2Fil_fullxfull.3204567623_7vv7.jpg https://images.squarespace-cdn.com/content/v1/5d1f805519480f0001cfe1b6/1668367457153-S2MX9TSFQYVEQRVIZEOD/https%3A%2F%2Fi.etsystatic.com%2F6311609%2Fr%2Fil%2F0d8204%2F3204567769%2Fil_fullxfull.3204567769_n77e.jpg https://images.squarespace-cdn.com/content/v1/5d1f805519480f0001cfe1b6/1668367457723-LX7ERQBNCHZ6HK4ASJGZ/https%3A%2F%2Fi.etsystatic.com%2F6311609%2Fr%2Fil%2F097812%2F3204567861%2Fil_fullxfull.3204567861_gxp8.jpg, $12.50 ,in stock
6371445cff31ab3905ea1d88,Funny Linoleum Print Poster - Sh*t Could Be Worse,"<p class="""">Shit Could Be Worse 11x14"" poster inspired by the only advice my friend would give me on a bad day. Offered in two color options -- original black or blue and gold ombre.<br><br>Poster is hand cut single-process linoleum block print in black ink on 100 lb. Speckletone cover stock from French Paper Co. Each print is individually pressed by hand, numbered and signed, and will contain some unique imperfections. <br><br>Looks great at home or in the office, framed on unframed.",https://awongisright.com/shop/funny-linoleum-print-poster-sht-could-be-worse,https://images.squarespace-cdn.com/content/v1/5d1f805519480f0001cfe1b6/1668367453191-BKQDIF1YWVVYROJDBZRE/https%3A%2F%2Fi.etsystatic.com%2F6311609%2Fr%2Fil%2F2d67c0%2F438803063%2Fil_fullxfull.438803063_7ayo.jpg https://images.squarespace-cdn.com/content/v1/5d1f805519480f0001cfe1b6/1668367453674-KHQ7M81R36KSVKE26PB5/https%3A%2F%2Fi.etsystatic.com%2F6311609%2Fr%2Fil%2F990741%2F3204580309%2Fil_fullxfull.3204580309_2i2c.jpg https://images.squarespace-cdn.com/content/v1/5d1f805519480f0001cfe1b6/1668367454208-TYZHHWHO6V3LOASZHEXN/https%3A%2F%2Fi.etsystatic.com%2F6311609%2Fr%2Fil%2F63ec7f%2F3156871172%2Fil_fullxfull.3156871172_nll0.jpg https://images.squarespace-cdn.com/content/v1/5d1f805519480f0001cfe1b6/1668367455111-ND2602H89NQ123OG5VA4/https%3A%2F%2Fi.etsystatic.com%2F6311609%2Fr%2Fil%2F83aa51%2F3156871222%2Fil_fullxfull.3156871222_rxnl.jpg https://images.squarespace-cdn.com/content/v1/5d1f805519480f0001cfe1b6/1675965068445-MMS32GNAFOK6JLVJGOVP/IMG_4083.jpg https://images.squarespace-cdn.com/content/v1/5d1f805519480f0001cfe1b6/1675965067756-DXPOZK1UHHQDKW36WMQS/IMG_4084.jpg https://images.squarespace-cdn.com/content/v1/5d1f805519480f0001cfe1b6/1675965067295-PMOV5FMFBEWLAPPEVHDI/IMG_4085.jpg, $22.50 ,in stock
,,,,, $22.50 ,in stock
637144552b948c6721bff985,Funny Silkscreen Poster - I'll Be Nicer If You'll Be Smarter,"11x15"" poster. Poster is printed in black and teal ink on 80 lb. smooth coverstock. Each print is individually pulled by hand, numbered and signed, and will contain some unique imperfections. <br><br>Looks great at home or in the office, framed on unframed.",https://awongisright.com/shop/funny-silkscreen-poster-ill-be-nicer-if-youll-be-smarter,https://images.squarespace-cdn.com/content/v1/5d1f805519480f0001cfe1b6/1668367445485-KVTS3LPP3XS2AP376S7K/https%3A%2F%2Fi.etsystatic.com%2F6311609%2Fr%2Fil%2Fc0f19e%2F3204562573%2Fil_fullxfull.3204562573_9dek.jpg https://images.squarespace-cdn.com/content/v1/5d1f805519480f0001cfe1b6/1668367446148-6EIXZD8GTQXIJ83ZSV4A/https%3A%2F%2Fi.etsystatic.com%2F6311609%2Fr%2Fil%2F5dff0a%2F3156853514%2Fil_fullxfull.3156853514_s51t.jpg https://images.squarespace-cdn.com/content/v1/5d1f805519480f0001cfe1b6/1668367447027-THSCJ4I2PQGWD3U3WDLY/https%3A%2F%2Fi.etsystatic.com%2F6311609%2Fr%2Fil%2Fd969b9%2F3156853538%2Fil_fullxfull.3156853538_cvxi.jpg https://images.squarespace-cdn.com/content/v1/5d1f805519480f0001cfe1b6/1668367447704-JY5GVWZ48H3L78GWX6NC/https%3A%2F%2Fi.etsystatic.com%2F6311609%2Fr%2Fil%2Ff721e3%2F3204562697%2Fil_fullxfull.3204562697_fji5.jpg, $22.50 ,in stock
637144522b948c6721bff97e,Funny Silkscreen Poster - Types of Burrito Eaters,"12x18"" poster featuring types of burrito eaters by method. All icons were hand drawn then finished digitally.<br><br>Poster is hand cut single-process silkscreen print in black ink on 100 lb. Speckletone cover stock from French Paper Co. Each of the prints is individually pulled by hand, numbered and signed, and will contain some unique imperfections.<br><br>Looks great at home or in the office, framed on unframed.",https://awongisright.com/shop/funny-silkscreen-poster-types-of-burrito-eaters,https://images.squarespace-cdn.com/content/v1/5d1f805519480f0001cfe1b6/1668367442287-BUYSB25WA8MQJI822RKQ/https%3A%2F%2Fi.etsystatic.com%2F6311609%2Fr%2Fil%2F28f95b%2F3156836486%2Fil_fullxfull.3156836486_r0je.jpg https://images.squarespace-cdn.com/content/v1/5d1f805519480f0001cfe1b6/1668367442901-9NBISA13OH8WXV4SNTOP/https%3A%2F%2Fi.etsystatic.com%2F6311609%2Fr%2Fil%2F4cbbb2%2F3149086564%2Fil_fullxfull.3149086564_axm1.jpg https://images.squarespace-cdn.com/content/v1/5d1f805519480f0001cfe1b6/1668367443505-LX08TST1WEA92871AGHA/https%3A%2F%2Fi.etsystatic.com%2F6311609%2Fr%2Fil%2Faba15f%2F3196798737%2Fil_fullxfull.3196798737_gygs.jpg https://images.squarespace-cdn.com/content/v1/5d1f805519480f0001cfe1b6/1668367444193-R0D4RY2H245FJANZ7HJZ/https%3A%2F%2Fi.etsystatic.com%2F6311609%2Fr%2Fil%2F33ace1%2F3149086626%2Fil_fullxfull.3149086626_cp28.jpg, $27.50 ,in stock
6371444dff31ab3905ea1d70,Simple State Silkscreen Poster - The North Star State,"Inspired by my home state - this 11x14"" poster is a hand lettered, hand cut and hand pulled labor of love. <br><br>Poster is printed in gold ink on black (80lb.) and white (100lb.) smooth coverstock. Each print is individually pulled by hand and signed, and will contain some unique imperfections. <br><br>Looks great at home or in the office, framed on unframed.",https://awongisright.com/shop/simple-state-silkscreen-poster-the-north-star-state,https://images.squarespace-cdn.com/content/v1/5d1f805519480f0001cfe1b6/1668367437650-9KD917W6UL6FSBVJUIR7/https%3A%2F%2Fi.etsystatic.com%2F6311609%2Fr%2Fil%2Fcee78e%2F3204560789%2Fil_fullxfull.3204560789_r7eq.jpg https://images.squarespace-cdn.com/content/v1/5d1f805519480f0001cfe1b6/1668367438250-4NWQNWOR1KXHI1SSIMKJ/https%3A%2F%2Fi.etsystatic.com%2F6311609%2Fr%2Fil%2Fe44b80%2F3204560925%2Fil_fullxfull.3204560925_9xtd.jpg https://images.squarespace-cdn.com/content/v1/5d1f805519480f0001cfe1b6/1668367439101-2IP7FVS3CFAR5CS1FRHE/https%3A%2F%2Fi.etsystatic.com%2F6311609%2Fr%2Fil%2Fc7089d%2F3156851868%2Fil_fullxfull.3156851868_dshi.jpg https://images.squarespace-cdn.com/content/v1/5d1f805519480f0001cfe1b6/1668367439640-NANWKNNTOZU0K17LVMC1/https%3A%2F%2Fi.etsystatic.com%2F6311609%2Fr%2Fil%2Fe58de3%2F3156851930%2Fil_fullxfull.3156851930_48i8.jpg https://images.squarespace-cdn.com/content/v1/5d1f805519480f0001cfe1b6/1668367440290-R8SQZ7IJ68R15FKUB4G3/https%3A%2F%2Fi.etsystatic.com%2F6311609%2Fr%2Fil%2F7b3cec%2F3204561063%2Fil_fullxfull.3204561063_qa8w.jpg https://images.squarespace-cdn.com/content/v1/5d1f805519480f0001cfe1b6/1668367440916-OL5X5Z0WF8GGMJZHROP2/https%3A%2F%2Fi.etsystatic.com%2F6311609%2Fr%2Fil%2Fe0edf7%2F3156852026%2Fil_fullxfull.3156852026_7zsz.jpg, $22.50 ,in stock
63714446f75f4e3465728b8d,Simple Linoleum Print Poster - Letter B,"9x9"" poster with hand-drawn/hand cut letter B. <br><br>Poster is hand cut single-process linoleum block print in blue ink on 100 lb. Speckletone cover stock from French Paper Co. Each print is individually pressed by hand and signed, and will contain some unique imperfections.",https://awongisright.com/shop/simple-linoleum-print-poster-letter-b,https://images.squarespace-cdn.com/content/v1/5d1f805519480f0001cfe1b6/1668367430726-ZW7TEY8G1GBHYSML2X19/https%3A%2F%2Fi.etsystatic.com%2F6311609%2Fr%2Fil%2F1d62a8%2F3156849752%2Fil_fullxfull.3156849752_rpag.jpg https://images.squarespace-cdn.com/content/v1/5d1f805519480f0001cfe1b6/1668367431465-LQW5AQUE8AIWF90QDKO9/https%3A%2F%2Fi.etsystatic.com%2F6311609%2Fr%2Fil%2F15061d%2F3204558819%2Fil_fullxfull.3204558819_s1zx.jpg https://images.squarespace-cdn.com/content/v1/5d1f805519480f0001cfe1b6/1668367432438-KW840PMXA97ZJQLP00YK/https%3A%2F%2Fi.etsystatic.com%2F6311609%2Fr%2Fil%2F4dc394%2F3204558867%2Fil_fullxfull.3204558867_5zlm.jpg, $12.50 ,in stock
6371443dff31ab3905ea1d5b,"Funny Silkscreen Poster - What Doesn't Kill You Makes You Stronger, What Does Kill You Makes You Dead","Some days are optimistic, some days are not – this is the poster for both. First poster in a 3-part Susie Sunshine/Debbie Downer series. <br><br>12 1/2x19” poster. Each is hand-printed, 3-process print in orange, blue, and black ink on 100 lb. Starch White Speckletone stock from French Paper Co. Each print is individually pulled by hand, numbered and signed, and will contain unique imperfections. Initial run of 10 prints.",https://awongisright.com/shop/funny-silkscreen-poster-what-doesnt-kill-you-makes-you-stronger-what-does-kill-you-makes-you-dead,https://images.squarespace-cdn.com/content/v1/5d1f805519480f0001cfe1b6/1668367422078-PYCFCB5G8Z7W10DMX2G9/https%3A%2F%2Fi.etsystatic.com%2F6311609%2Fr%2Fil%2F8f2dfa%2F3156845046%2Fil_fullxfull.3156845046_ktzu.jpg https://images.squarespace-cdn.com/content/v1/5d1f805519480f0001cfe1b6/1668367422888-ZPE95WMTXKJAG185YIOL/https%3A%2F%2Fi.etsystatic.com%2F6311609%2Fr%2Fil%2Fcd6a35%2F3156845176%2Fil_fullxfull.3156845176_3ev9.jpg https://images.squarespace-cdn.com/content/v1/5d1f805519480f0001cfe1b6/1668367423535-7WBCT2WT3S74CQ81OKHJ/https%3A%2F%2Fi.etsystatic.com%2F6311609%2Fr%2Fil%2F4813b8%2F3204554097%2Fil_fullxfull.3204554097_pdm3.jpg https://images.squarespace-cdn.com/content/v1/5d1f805519480f0001cfe1b6/1668367424053-ZZC19DUBAXYETSTAYN4X/https%3A%2F%2Fi.etsystatic.com%2F6311609%2Fr%2Fil%2F016b77%2F3156845262%2Fil_fullxfull.3156845262_lujo.jpg, $32.50 ,in stock
637144395e4d981e96bd87f9,Simple Linoleum Print Poster - Letter A,"9x9"" poster with hand-drawn/hand cut letter A. <br><br>Poster is hand cut single-process linoleum block print in teal ink on 100 lb. Speckletone cover stock from French Paper Co. Each print is individually pressed by hand and signed, and will contain some unique imperfections.",https://awongisright.com/shop/simple-linoleum-print-poster-letter-a,https://images.squarespace-cdn.com/content/v1/5d1f805519480f0001cfe1b6/1668367417548-EHFKMWRMKI3N7JJZZJ2O/https%3A%2F%2Fi.etsystatic.com%2F6311609%2Fr%2Fil%2Fb61982%2F3204552741%2Fil_fullxfull.3204552741_9oz5.jpg https://images.squarespace-cdn.com/content/v1/5d1f805519480f0001cfe1b6/1668367418127-NESVAA3AT7OXFC8YAIGS/https%3A%2F%2Fi.etsystatic.com%2F6311609%2Fr%2Fil%2F06f5ab%2F3156843870%2Fil_fullxfull.3156843870_5onn.jpg https://images.squarespace-cdn.com/content/v1/5d1f805519480f0001cfe1b6/1668367418793-KJZKFVE51MAQRG6AZVFT/https%3A%2F%2Fi.etsystatic.com%2F6311609%2Fr%2Fil%2F47e112%2F3204552839%2Fil_fullxfull.3204552839_r1vk.jpg, $12.50 ,in stock
637144322b948c6721bff95f,"Funny Silkscreen Poster - The Early Bird Gets the Worm, The Early Worm Gets Eaten","Some days are optimistic, some days are not – this is the poster for both. Second poster in a 3-part Susie Sunshine/Debbie Downer series.<br><br>12 1/2x19” poster. Each is hand-printed, 4-process print in orange, blue, grey, and black ink on 100 lb. Starch White Speckletone stock from French Paper Co. Each print is individually pulled by hand, numbered and signed, and will contain unique imperfections.",https://awongisright.com/shop/funny-silkscreen-poster-the-early-bird-gets-the-worm-the-early-worm-gets-eaten,https://images.squarespace-cdn.com/content/v1/5d1f805519480f0001cfe1b6/1668367411134-SNJICVY55WGCOZTV501W/https%3A%2F%2Fi.etsystatic.com%2F6311609%2Fr%2Fil%2Fa538dc%2F3204551021%2Fil_fullxfull.3204551021_7849.jpg https://images.squarespace-cdn.com/content/v1/5d1f805519480f0001cfe1b6/1668367411824-75S6GUXOYTUV3CR9T0KD/https%3A%2F%2Fi.etsystatic.com%2F6311609%2Fr%2Fil%2F87ca6c%2F3204551129%2Fil_fullxfull.3204551129_c1do.jpg https://images.squarespace-cdn.com/content/v1/5d1f805519480f0001cfe1b6/1668367412500-DV484RJE2N6DIKJXK8B1/https%3A%2F%2Fi.etsystatic.com%2F6311609%2Fr%2Fil%2Fea8be6%2F3204551177%2Fil_fullxfull.3204551177_1x8e.jpg https://images.squarespace-cdn.com/content/v1/5d1f805519480f0001cfe1b6/1668367413092-BHDI0118NGVWYZ527QD4/https%3A%2F%2Fi.etsystatic.com%2F6311609%2Fr%2Fil%2F97795a%2F3156842270%2Fil_fullxfull.3156842270_amhx.jpg, $37.50 ,in stock
6371442f5e4d981e96bd87f1,Cute Linoleum Print Poster - I Like Your Style,"10x14"" poster. Poster is hand cut single-process linoleum block print in black ink on 100 lb. coverstock with a slight texture. Each print is individually pressed by hand, numbered and signed, and will contain some unique imperfections. Five available.<br><br>Tell someone how unique they are! Looks great at home or in the office, framed on unframed.",https://awongisright.com/shop/cute-linoleum-print-poster-i-like-your-style,https://images.squarespace-cdn.com/content/v1/5d1f805519480f0001cfe1b6/1668367408062-2MLUREI1M512MVI6DWRD/https%3A%2F%2Fi.etsystatic.com%2F6311609%2Fr%2Fil%2Fa68c36%2F3204549031%2Fil_fullxfull.3204549031_e11u.jpg https://images.squarespace-cdn.com/content/v1/5d1f805519480f0001cfe1b6/1668367408653-GRN8EERSGQ9VAPWELNP1/https%3A%2F%2Fi.etsystatic.com%2F6311609%2Fr%2Fil%2F489af2%2F3204549157%2Fil_fullxfull.3204549157_f04l.jpg https://images.squarespace-cdn.com/content/v1/5d1f805519480f0001cfe1b6/1668367409168-WUYWZMN6PX1AQCEWQ3BT/https%3A%2F%2Fi.etsystatic.com%2F6311609%2Fr%2Fil%2F394325%2F3204549187%2Fil_fullxfull.3204549187_hr3k.jpg, $15.00 ,in stock
6371442c2b948c6721bff955,Funny Silkscreen Poster on Wood - I'll Be Nicer If You'll Be Smarter,"12x8"" poster. Poster is printed in black and hand-mixed blue ink on 1/4” plywood. Each print is individually cut, pulled by hand, numbered and signed. As a result they will contain some unique imperfections or blemishes in the plywood.<br><br>Looks great at home or in the office.",https://awongisright.com/shop/funny-silkscreen-poster-on-wood-ill-be-nicer-if-youll-be-smarter,https://images.squarespace-cdn.com/content/v1/5d1f805519480f0001cfe1b6/1668367404796-ELSOGO7FQZDFPI2JS5QR/https%3A%2F%2Fi.etsystatic.com%2F6311609%2Fr%2Fil%2Fd84d8c%2F438791750%2Fil_fullxfull.438791750_tl4q.jpg https://images.squarespace-cdn.com/content/v1/5d1f805519480f0001cfe1b6/1668367405334-J9DN98E0OGMIGVANWL7D/https%3A%2F%2Fi.etsystatic.com%2F6311609%2Fr%2Fil%2Fa47438%2F315503380%2Fil_fullxfull.315503380.jpg https://images.squarespace-cdn.com/content/v1/5d1f805519480f0001cfe1b6/1668367406041-GRYO6WJ1KMZ4U1NQBQXZ/https%3A%2F%2Fi.etsystatic.com%2F6311609%2Fr%2Fil%2F58cce4%2F438791850%2Fil_fullxfull.438791850_psi1.jpg https://images.squarespace-cdn.com/content/v1/5d1f805519480f0001cfe1b6/1668367406718-5OH6UV03YP58MUF46YQU/https%3A%2F%2Fi.etsystatic.com%2F6311609%2Fr%2Fil%2F875132%2F438791852%2Fil_fullxfull.438791852_sblo.jpg, $27.50 ,in stock
63714426ff31ab3905ea1d44,Simple Silkscreen Poster - Running Race Kit,"<p class="""">9x9"" or 9""x12.5"" poster featuring race kit icons.<p class="""">Poster is hand cut single-process silkscreen print with Speedball ink on 80 lb. Speckletone cover stock from French Paper Co. Each of the prints is individually pulled by hand and signed, and will contain some unique imperfections.<p class="""">Three color options and two sizes:<p class="""">+ Gold<p class="""">+ Boston Blue and Gold Ombre<p class="""">+ Pink and Gold Ombre<p class="""">Looks great at home or in the office, framed on unframed.",https://awongisright.com/shop/simple-silkscreen-poster-running-race-kit,https://images.squarespace-cdn.com/content/v1/5d1f805519480f0001cfe1b6/1681680999303-IWOV4IGRCLDJHZVLYBJ5/IMG_4091_cc.png https://images.squarespace-cdn.com/content/v1/5d1f805519480f0001cfe1b6/1668367399118-SIPLED09GKHKPYPT3DN4/https%3A%2F%2Fi.etsystatic.com%2F6311609%2Fr%2Fil%2F28319d%2F3156854624%2Fil_fullxfull.3156854624_nik7.jpg https://images.squarespace-cdn.com/content/v1/5d1f805519480f0001cfe1b6/1668367399851-SLSNPUMV8SJD3APYGEMP/https%3A%2F%2Fi.etsystatic.com%2F6311609%2Fr%2Fil%2F52575d%2F3204563831%2Fil_fullxfull.3204563831_nqv7.jpg https://images.squarespace-cdn.com/content/v1/5d1f805519480f0001cfe1b6/1668367400663-HPFB4VHGI53F5TEL1K74/https%3A%2F%2Fi.etsystatic.com%2F6311609%2Fr%2Fil%2F3b33dc%2F3156854758%2Fil_fullxfull.3156854758_bte3.jpg https://images.squarespace-cdn.com/content/v1/5d1f805519480f0001cfe1b6/1681680997288-8NTLVCX76APBXF8CA8SV/IMG_4086_cc.png https://images.squarespace-cdn.com/content/v1/5d1f805519480f0001cfe1b6/1681680997258-ESK7UFGKFWWS14SP9FAM/IMG_4088_cc.png https://images.squarespace-cdn.com/content/v1/5d1f805519480f0001cfe1b6/1681680977981-YJQMDABJB36DQC81Y328/IMG_4089_cc.png https://images.squarespace-cdn.com/content/v1/5d1f805519480f0001cfe1b6/1681680979148-TRT0V84ILSPV8NWAFCPV/IMG_4092_cc.png, $17.50 ,in stock
6371441ff75f4e3465728b58,Cute silkscreen mini print - Benson and Hedgehog,"Simple silkscreen mini print (4x6"") of two best friends on 140# cardstock from French Paper Co. Based on my 105lb. mastiff. Each print is hand cut and hand pulled and will contain minor variations. Balloon and bow tie are hand painted.",https://awongisright.com/shop/cute-silkscreen-mini-print-benson-and-hedgehog,https://images.squarespace-cdn.com/content/v1/5d1f805519480f0001cfe1b6/1668367391546-IFKRP9FURW7Z9QZ79G1L/https%3A%2F%2Fi.etsystatic.com%2F6311609%2Fr%2Fil%2F9c0076%2F4222955121%2Fil_fullxfull.4222955121_a477.jpg https://images.squarespace-cdn.com/content/v1/5d1f805519480f0001cfe1b6/1668367392038-V2AHZ5OKPPGUWIANCKZL/https%3A%2F%2Fi.etsystatic.com%2F6311609%2Fr%2Fil%2Fcd8443%2F4222951239%2Fil_fullxfull.4222951239_ny99.jpg https://images.squarespace-cdn.com/content/v1/5d1f805519480f0001cfe1b6/1668367392727-GA530AKO3C78Y7I4BSCM/https%3A%2F%2Fi.etsystatic.com%2F6311609%2Fr%2Fil%2F9bbbd5%2F4222951363%2Fil_fullxfull.4222951363_tv2t.jpg https://images.squarespace-cdn.com/content/v1/5d1f805519480f0001cfe1b6/1668367393518-2MW405ZP9X1YZ9HN5670/https%3A%2F%2Fi.etsystatic.com%2F6311609%2Fr%2Fil%2Ff0e77b%2F4175300586%2Fil_fullxfull.4175300586_pze5.jpg https://images.squarespace-cdn.com/content/v1/5d1f805519480f0001cfe1b6/1668367394042-F9LMDS8MQBIJE2L7GJL5/https%3A%2F%2Fi.etsystatic.com%2F6311609%2Fr%2Fil%2Ffb0dd4%2F4175262624%2Fil_fullxfull.4175262624_sqt9.jpg, $6.00 ,in stock
6371441c5e4d981e96bd87de,Cute Hedgehog Linoleum Print,"9x9 linoleum print of 3 cute hedgehogs in black ink. Great for a nursery, kid’s room or a hedgehog lover. Each print is hand-pressed and will include unique imperfections.",https://awongisright.com/shop/cute-hedgehog-linoleum-print,https://images.squarespace-cdn.com/content/v1/5d1f805519480f0001cfe1b6/1668367388501-7M0EXT3Q3FMT7WD09S7D/https%3A%2F%2Fi.etsystatic.com%2F6311609%2Fr%2Fil%2Feef448%2F3178049265%2Fil_fullxfull.3178049265_owdn.jpg https://images.squarespace-cdn.com/content/v1/5d1f805519480f0001cfe1b6/1668367389378-DEBAM2PPDJNROMVRRRV5/https%3A%2F%2Fi.etsystatic.com%2F6311609%2Fr%2Fil%2F4d19ab%2F3130332562%2Fil_fullxfull.3130332562_i2o7.jpg https://images.squarespace-cdn.com/content/v1/5d1f805519480f0001cfe1b6/1668367390078-8KC179XBZ37HUE5J31WT/https%3A%2F%2Fi.etsystatic.com%2F6311609%2Fr%2Fil%2F0ec2fe%2F3178049357%2Fil_fullxfull.3178049357_j0s3.jpg, $15.00 ,in stock
63714417f75f4e3465728b4f,Cute silkscreen animal poster - Benson meets Hedgehog,"Simple 3-process silkscreen print of two best friends on chipboard/cardstock. Based on my 105lb. mastiff. Comes in two sizes of 6x8"" or 8x8"". Each print is hand cut and hand pulled and will contain minor variations. Looks great framed or unframed.",https://awongisright.com/shop/cute-silkscreen-animal-poster-benson-meets-hedgehog,https://images.squarespace-cdn.com/content/v1/5d1f805519480f0001cfe1b6/1668367383888-8IIWLYUN9SUGZ7LQ9OV4/https%3A%2F%2Fi.etsystatic.com%2F6311609%2Fr%2Fil%2Fe0af8a%2F4222912843%2Fil_fullxfull.4222912843_bmh8.jpg https://images.squarespace-cdn.com/content/v1/5d1f805519480f0001cfe1b6/1668367384480-YT3J57DYXF9LRNU28NGS/https%3A%2F%2Fi.etsystatic.com%2F6311609%2Fr%2Fil%2F6bb90a%2F4175261866%2Fil_fullxfull.4175261866_s5qa.jpg https://images.squarespace-cdn.com/content/v1/5d1f805519480f0001cfe1b6/1668367385520-HYBCOWWF7FEONGPYT9GA/https%3A%2F%2Fi.etsystatic.com%2F6311609%2Fr%2Fil%2F028a23%2F4222912943%2Fil_fullxfull.4222912943_r7x6.jpg https://images.squarespace-cdn.com/content/v1/5d1f805519480f0001cfe1b6/1668367386089-91WGLDEZ9GEGCX590ON6/https%3A%2F%2Fi.etsystatic.com%2F6311609%2Fr%2Fil%2Fad37fa%2F4175262002%2Fil_fullxfull.4175262002_pwio.jpg https://images.squarespace-cdn.com/content/v1/5d1f805519480f0001cfe1b6/1668367387042-4C0AEM6PBZKQHCIKZ071/https%3A%2F%2Fi.etsystatic.com%2F6311609%2Fr%2Fil%2Ffb0dd4%2F4175262624%2Fil_fullxfull.4175262624_sqt9.jpg, $20.00 ,in stock
6371440f2b948c6721bff934,Funny Linoleum Print Poster - Eat Like Someone's Gonna Steal It,"11x14"" poster with some words to live (or eat) by. <br><br>Poster is hand cut single-process linoleum block print in black ink on 100 lb. Speckletone cover stock from French Paper Co. Each print is individually pressed by hand and signed. Prints will contain some unique imperfections.",https://awongisright.com/shop/funny-linoleum-print-poster-eat-like-someones-gonna-steal-it,https://images.squarespace-cdn.com/content/v1/5d1f805519480f0001cfe1b6/1668367376206-M7LQA4YB144RARS0L44F/https%3A%2F%2Fi.etsystatic.com%2F6311609%2Fr%2Fil%2Ff071d5%2F3156838268%2Fil_fullxfull.3156838268_n3d6.jpg https://images.squarespace-cdn.com/content/v1/5d1f805519480f0001cfe1b6/1668367377099-2CXA3HGS11T89Y5ITKYY/https%3A%2F%2Fi.etsystatic.com%2F6311609%2Fr%2Fil%2F2e3415%2F2374339739%2Fil_fullxfull.2374339739_diu3.jpg https://images.squarespace-cdn.com/content/v1/5d1f805519480f0001cfe1b6/1668367378005-TFP6G55K1QEIV481YHK9/https%3A%2F%2Fi.etsystatic.com%2F6311609%2Fr%2Fil%2F2369ce%2F2374339875%2Fil_fullxfull.2374339875_ai1k.jpg, $22.50 ,in stock
6371440c2b948c6721bff92e,Funny Linoleum Print Poster - If you can't say anything nice say something sarcastic,"12x18"" poster with some updated words of wisdom. <br><br>Poster is hand cut single-process linoleum block print in navy blue ink on 100 lb. Speckletone cover stock from French Paper Co. Each print is individually pressed by hand and signed. Prints will contain some unique imperfections.",https://awongisright.com/shop/funny-linoleum-print-poster-if-you-cant-say-anything-nice-say-something-sarcastic,https://images.squarespace-cdn.com/content/v1/5d1f805519480f0001cfe1b6/1668367372849-TF30N6J87G6JDAPD6HAB/https%3A%2F%2Fi.etsystatic.com%2F6311609%2Fr%2Fil%2Fa3a66a%2F3204544191%2Fil_fullxfull.3204544191_9pvp.jpg https://images.squarespace-cdn.com/content/v1/5d1f805519480f0001cfe1b6/1668367373289-BC4KY76NJWVCCHX2EUM7/https%3A%2F%2Fi.etsystatic.com%2F6311609%2Fr%2Fil%2Fd5eb59%2F3196797153%2Fil_fullxfull.3196797153_gm9v.jpg https://images.squarespace-cdn.com/content/v1/5d1f805519480f0001cfe1b6/1668367374315-4LEGMQOAXM9RH3SDD90Z/https%3A%2F%2Fi.etsystatic.com%2F6311609%2Fr%2Fil%2F691ac3%2F3149085078%2Fil_fullxfull.3149085078_6maa.jpg https://images.squarespace-cdn.com/content/v1/5d1f805519480f0001cfe1b6/1668367374828-ZILXAKAGLELM1Q1ABTPA/https%3A%2F%2Fi.etsystatic.com%2F6311609%2Fr%2Fil%2Fd62097%2F3149085152%2Fil_fullxfull.3149085152_kdut.jpg, $27.50 ,in stock
637144092b948c6721bff927,Funny Silkscreen Handkerchief Poster - Drinks Like A Sailor/Swears Like A Fish,"22x22"" handkerchief with a funny version of two common sayings. <br><br>Single-process silkscreen print in navy ink on white fabric. Each print was individually pulled by hand and will contain some unique imperfections.<br><br>Looks great on the wall, ink is color set.",https://awongisright.com/shop/funny-silkscreen-handkerchief-poster-drinks-like-a-sailorswears-like-a-fish,https://images.squarespace-cdn.com/content/v1/5d1f805519480f0001cfe1b6/1668367370022-6DML2HKODRQM7FGRZELS/https%3A%2F%2Fi.etsystatic.com%2F6311609%2Fr%2Fil%2F40e7ec%2F517757302%2Fil_fullxfull.517757302_sfvx.jpg https://images.squarespace-cdn.com/content/v1/5d1f805519480f0001cfe1b6/1668367370587-MP8EEY2XXRXQJIRJ4BII/https%3A%2F%2Fi.etsystatic.com%2F6311609%2Fr%2Fil%2Fbd81a3%2F515058777%2Fil_fullxfull.515058777_sli1.jpg https://images.squarespace-cdn.com/content/v1/5d1f805519480f0001cfe1b6/1668367371043-OA3MWOBLM8HV1ND76KHQ/https%3A%2F%2Fi.etsystatic.com%2F6311609%2Fr%2Fil%2Fda20e0%2F514994866%2Fil_fullxfull.514994866_1leu.jpg https://images.squarespace-cdn.com/content/v1/5d1f805519480f0001cfe1b6/1668367371564-2G3ZYCKS015MNFSHF9FL/https%3A%2F%2Fi.etsystatic.com%2F6311609%2Fr%2Fil%2Fec3a77%2F517821483%2Fil_fullxfull.517821483_k5aj.jpg, $17.50 ,in stock
637144072b948c6721bff926,Simple Linoleum Print Poster - Letter D,"9x9"" poster with hand-drawn/hand cut letter D. <br><br>Poster is hand cut single-process linoleum block print in blue ink on 100 lb. Speckletone cover stock from French Paper Co. Each print is individually pressed by hand and signed, and will contain some unique imperfections.",https://awongisright.com/shop/simple-linoleum-print-poster-letter-d,https://images.squarespace-cdn.com/content/v1/5d1f805519480f0001cfe1b6/1668367367287-YGGAKT8P156EAF6T87CA/https%3A%2F%2Fi.etsystatic.com%2F6311609%2Fr%2Fil%2Fef4451%2F3156833270%2Fil_fullxfull.3156833270_3elf.jpg https://images.squarespace-cdn.com/content/v1/5d1f805519480f0001cfe1b6/1668367367756-BRHTAPNEBXAVD9BJT4KW/https%3A%2F%2Fi.etsystatic.com%2F6311609%2Fr%2Fil%2F0d45bc%2F3149083776%2Fil_fullxfull.3149083776_7gnn.jpg https://images.squarespace-cdn.com/content/v1/5d1f805519480f0001cfe1b6/1668367368273-FHK70B32HS7KR9O4FZWR/https%3A%2F%2Fi.etsystatic.com%2F6311609%2Fr%2Fil%2F0f9536%2F2902849435%2Fil_fullxfull.2902849435_338p.jpg https://images.squarespace-cdn.com/content/v1/5d1f805519480f0001cfe1b6/1668367368969-QBOND8FJE3H53OIC0VPI/https%3A%2F%2Fi.etsystatic.com%2F6311609%2Fr%2Fil%2Fb1d882%2F3149083846%2Fil_fullxfull.3149083846_mnhd.jpg, $12.50 ,in stock
63714404f75f4e3465728b37,Simple Linoleum Print Poster - Letter F,"9x9"" poster with hand-drawn/hand cut letter F. <br><br>Poster is hand cut single-process linoleum block print in red ink on 100 lb. Speckletone cover stock from French Paper Co. Each print is individually pressed by hand and signed, and will contain some unique imperfections.",https://awongisright.com/shop/simple-linoleum-print-poster-letter-f,https://images.squarespace-cdn.com/content/v1/5d1f805519480f0001cfe1b6/1668367365079-69J6M2F9BVUZWKBNDZ3J/https%3A%2F%2Fi.etsystatic.com%2F6311609%2Fr%2Fil%2F8e4925%2F3156832136%2Fil_fullxfull.3156832136_n158.jpg https://images.squarespace-cdn.com/content/v1/5d1f805519480f0001cfe1b6/1668367365654-Q2EFBDKB2LPXPAZVC6Z9/https%3A%2F%2Fi.etsystatic.com%2F6311609%2Fr%2Fil%2Fb9633f%2F3196794779%2Fil_fullxfull.3196794779_18il.jpg https://images.squarespace-cdn.com/content/v1/5d1f805519480f0001cfe1b6/1668367366139-QYS61847J3PWW55CT5NO/https%3A%2F%2Fi.etsystatic.com%2F6311609%2Fr%2Fil%2Fdcbd37%2F1461224423%2Fil_fullxfull.1461224423_b0zu.jpg, $12.50 ,in stock
63714401f75f4e3465728b34,Linoleum Print Recycled Poster - Suck Less,"10x14"" poster. Hand carved 2-process linoleum block print on recycled brown grocery bags reading “Suck Less. Thanks”. Each print is individually pressed by hand, numbered and signed, and will contain some unique imperfections.<br><br>Looks great framed or unframed.<br><br>This poster was featured on FPO: For Print Only http://www.underconsideration.com/fpo/archives/2012/01/suck-less-poster.php <br><br>Also available as a 8x10"" poster on white http://www.etsy.com/listing/92406496/linoleum-print-poster-suck-less",https://awongisright.com/shop/linoleum-print-recycled-poster-suck-less,https://images.squarespace-cdn.com/content/v1/5d1f805519480f0001cfe1b6/1668367361608-KMCHCUF732JXB5U7MEFE/https%3A%2F%2Fi.etsystatic.com%2F6311609%2Fr%2Fil%2Fbfb773%2F3156829910%2Fil_fullxfull.3156829910_gq1a.jpg https://images.squarespace-cdn.com/content/v1/5d1f805519480f0001cfe1b6/1668367362155-A72NV01QFUX2R6LEBXLS/https%3A%2F%2Fi.etsystatic.com%2F6311609%2Fr%2Fil%2Ff154fb%2F3149077570%2Fil_fullxfull.3149077570_a05j.jpg https://images.squarespace-cdn.com/content/v1/5d1f805519480f0001cfe1b6/1668367362772-3SYP33O4ZYELZIZ7KMA2/https%3A%2F%2Fi.etsystatic.com%2F6311609%2Fr%2Fil%2Fcf69d9%2F3196789929%2Fil_fullxfull.3196789929_d434.jpg https://images.squarespace-cdn.com/content/v1/5d1f805519480f0001cfe1b6/1668367363664-AN5TK6KXQ5JIKPW75Y3M/https%3A%2F%2Fi.etsystatic.com%2F6311609%2Fr%2Fil%2F71c16f%2F3149077848%2Fil_fullxfull.3149077848_idtk.jpg, $17.50 ,in stock
637143f7ff31ab3905ea1d13,Spooky Halloween Poster – Spooky Scary,"9x9"" Spooky Scary poster with sneaky eyes and a happy little ghost. <br><br>Poster is hand cut two-process silkscreen print in neon yellow and black ink on 80 lb. Speckletone cover stock from French Paper Co. Each of the prints is individually pulled by hand, numbered and signed, and will contain some unique imperfections.",https://awongisright.com/shop/spooky-halloween-poster-spooky-scary,https://images.squarespace-cdn.com/content/v1/5d1f805519480f0001cfe1b6/1668367352242-PAAIC1XT33X1KPDSEY6Y/https%3A%2F%2Fi.etsystatic.com%2F6311609%2Fr%2Fil%2Fc5cbc5%2F4257401670%2Fil_fullxfull.4257401670_1dux.jpg https://images.squarespace-cdn.com/content/v1/5d1f805519480f0001cfe1b6/1668367353043-2E0ZCLX1T1I6KYZZR4OV/https%3A%2F%2Fi.etsystatic.com%2F6311609%2Fr%2Fil%2F06e088%2F4304797501%2Fil_fullxfull.4304797501_4otj.jpg https://images.squarespace-cdn.com/content/v1/5d1f805519480f0001cfe1b6/1668367353563-548UKWFEDZB6YQ7BWXF5/https%3A%2F%2Fi.etsystatic.com%2F6311609%2Fr%2Fil%2F573be9%2F4257401660%2Fil_fullxfull.4257401660_jadg.jpg, $22.50 ,in stock
637143e9ff31ab3905ea1d02,Funny Silkscreen Special Edition - Sh*t Could Be Worse,"Special edition Shit Could Be Worse 9x9"" poster inspired by the only advice my friend would give me on a bad day. <br><br>Poster is hand cut dual-process silkscreen print in black and gold ink on 80 lb. Speckletone cover stock from French Paper Co. Each of the 50 prints is individually pulled by hand, numbered and signed, and will contain some unique imperfections.<br><br>Looks great at home or in the office, framed on unframed.",https://awongisright.com/shop/funny-silkscreen-special-edition-sht-could-be-worse,https://images.squarespace-cdn.com/content/v1/5d1f805519480f0001cfe1b6/1668367337888-4QCSSH91WH5LEFOMC6YL/https%3A%2F%2Fi.etsystatic.com%2F6311609%2Fr%2Fil%2F7e4413%2F472648871%2Fil_fullxfull.472648871_hmbn.jpg https://images.squarespace-cdn.com/content/v1/5d1f805519480f0001cfe1b6/1668367338432-X9CQDCKFD8YTMXMKCUPA/https%3A%2F%2Fi.etsystatic.com%2F6311609%2Fr%2Fil%2F76241d%2F3204571325%2Fil_fullxfull.3204571325_if1x.jpg https://images.squarespace-cdn.com/content/v1/5d1f805519480f0001cfe1b6/1668367339056-ELID8WX8A23271ALBWIB/https%3A%2F%2Fi.etsystatic.com%2F6311609%2Fr%2Fil%2F062939%2F3204571435%2Fil_fullxfull.3204571435_2sqg.jpg https://images.squarespace-cdn.com/content/v1/5d1f805519480f0001cfe1b6/1668367339810-V0SF8K3AU3E8Z71ASES5/https%3A%2F%2Fi.etsystatic.com%2F6311609%2Fr%2Fil%2F1e0bcc%2F3156862326%2Fil_fullxfull.3156862326_a0xi.jpg https://images.squarespace-cdn.com/content/v1/5d1f805519480f0001cfe1b6/1668367340385-ZTRU6CJMNKFNFUJ9JQK1/https%3A%2F%2Fi.etsystatic.com%2F6311609%2Fr%2Fil%2F61b603%2F3204571567%2Fil_fullxfull.3204571567_aq1w.jpg, $22.50 ,in stock
637143e6ff31ab3905ea1cfd,Simple Linoleum Print Poster - Minnesota Nice,"9x9"" poster inspired by the Land of Lakes. <br><br>Poster is hand cut single-process linoleum block print in black ink on 100 lb. Speckletone cover stock from French Paper Co. Each print is individually pressed by hand, numbered and signed, and will contain some unique imperfections.",https://awongisright.com/shop/simple-linoleum-print-poster-minnesota-nice,https://images.squarespace-cdn.com/content/v1/5d1f805519480f0001cfe1b6/1668367335257-HB0A9ZJ42BJ34WNXKK3C/https%3A%2F%2Fi.etsystatic.com%2F6311609%2Fr%2Fil%2F3e0449%2F3156860484%2Fil_fullxfull.3156860484_mhq2.jpg https://images.squarespace-cdn.com/content/v1/5d1f805519480f0001cfe1b6/1668367335758-804UV1YODAYIF7NIIGSR/https%3A%2F%2Fi.etsystatic.com%2F6311609%2Fr%2Fil%2F27c1b1%2F3156860576%2Fil_fullxfull.3156860576_j1hn.jpg https://images.squarespace-cdn.com/content/v1/5d1f805519480f0001cfe1b6/1668367336671-REDO6XPIOZIGITK1GNMA/https%3A%2F%2Fi.etsystatic.com%2F6311609%2Fr%2Fil%2F517710%2F3156860606%2Fil_fullxfull.3156860606_7bfe.jpg, $12.50 ,in stock
64e640ad57eb7f02671b2a69,Letter A Enamel Camp Cup,"Sweet little hand-lettered A. This enamel mug is 12oz. and dishwasher safe with a black rim for a unique look. Material: cold-rolled steel plate, with enamel glazed surface One size: 12oz (0.35 l) Glossy finish Dishwasher safe",https://awongisright.com/shop/letter-a-enamel-camp-cup,https://images.squarespace-cdn.com/content/v1/5d1f805519480f0001cfe1b6/1692811440432-941A08CRCARY2G3ZWTGY/7fe496c4cb0e6013270a3d9d510a812c https://images.squarespace-cdn.com/content/v1/5d1f805519480f0001cfe1b6/1692811443429-7VOHXJ7RLW227X6HZKMQ/4ca57dba4301208ebc8a87358e697c56 https://images.squarespace-cdn.com/content/v1/5d1f805519480f0001cfe1b6/1692811443429-Y386KKNR2UTMV1B91GC6/42228b4cb94026609bd2acbe3ff4d349 https://images.squarespace-cdn.com/content/v1/5d1f805519480f0001cfe1b6/1692811444352-79EWPJXTJS4F6825N3XF/5e9c8314cee00622ccf68e9d0f3643fc https://images.squarespace-cdn.com/content/v1/5d1f805519480f0001cfe1b6/1692811446603-UWLP51WXZEWKX1VDOHE2/bbcd3bfa7af1fb5c5ebf2c1b27e015e1, $18.00 ,in stock
64e63eccc47649745ed4fe57,Letter A Mug 11oz,"A fun hand-lettered A. Never run out of your favorite hot drink! Durable white ceramic mug in the most popular size.
• White ceramic • 11 oz (0.33 l) • C-handle • Dishwasher safe",https://awongisright.com/shop/letter-a-mug-11oz,https://images.squarespace-cdn.com/content/v1/5d1f805519480f0001cfe1b6/1692810958632-SGQDNH3ZF3N0XIWNMHC2/eb83200050779720dd0aa18f0474d58f https://images.squarespace-cdn.com/content/v1/5d1f805519480f0001cfe1b6/1692810961794-W4KLZWP0ODSWNXBAKI1N/b8816131ef86621a68b78625798ef938 https://images.squarespace-cdn.com/content/v1/5d1f805519480f0001cfe1b6/1692810962180-CMANA0W9OG10YQCL5GVJ/f9ad85e1bd428100648bc73e473b8d8f https://images.squarespace-cdn.com/content/v1/5d1f805519480f0001cfe1b6/1692810962334-2DD9MEK0O2D8I928S57M/59e205ab040ba179e9cb7fcd339727e8 https://images.squarespace-cdn.com/content/v1/5d1f805519480f0001cfe1b6/1692810962557-K97VH9IWHTIFEIN74HLG/688e3e6aef81fd0819b7137298a36032 https://images.squarespace-cdn.com/content/v1/5d1f805519480f0001cfe1b6/1692810964023-QN0J9VJLONUXODHFW4V8/bef596459ebe60c26078b2f223098de1, $12.50 ,in stock
63cf1c0c31372c305490975a,"Funny Tea Towel Early Bird, Early Worm","The early bird gets the worm, but the early worm gets eaten. The perfect towel for any mood. Whether you're feeling like Susie Sunshine or Debbie Downer, this kitchen towel hangs easily to display either message.

- Material: 90% micro polyester, 10% polyamide (11.6oz/yd² (360 g/m²))
- One size: 16x34; x 25x34;; (40.6cm × 63.5cm)
- Sewn-in care label
- Blanks are sourced from China, printed and shipped in the US",https://awongisright.com/shop/funny-tea-towel-early-bird-early-worm,https://images.squarespace-cdn.com/content/v1/5d1f805519480f0001cfe1b6/1674517518786-RMS29IETC3HE51HEQ0OZ/957f939a6cd0cff1e33abec2fe305bbc https://images.squarespace-cdn.com/content/v1/5d1f805519480f0001cfe1b6/1674517521720-RRLPHM84U5FUDT2IQJ2A/77a618bf59f18d03e75c15e13d681a35 https://images.squarespace-cdn.com/content/v1/5d1f805519480f0001cfe1b6/1674517522169-J0I9LXV7GEW8VMLI62OK/1f6090c9397dea18e592b7114b83eaca https://images.squarespace-cdn.com/content/v1/5d1f805519480f0001cfe1b6/1674517522401-A64WOUUDK3GOFQUQZR8H/2f954f4079e518a6593e2b893b22c985 https://images.squarespace-cdn.com/content/v1/5d1f805519480f0001cfe1b6/1674517524907-K3D482H9K4QTRGKO33V9/3a27fb0acaf0ad22139cf6b06dfa817d https://images.squarespace-cdn.com/content/v1/5d1f805519480f0001cfe1b6/1674517525693-IV47UFAMC8ICTKFLC5TS/d1a44e9374275f09ac7f5978155f4837, $15.00 ,in stock
63cf1c080a258216f0d4e8ae,"Funny Tea Towel What Doesn't Kill, What Does Kill You","What doesn't kill you makes you stronger, what does kill you makes you dead. The perfect towel for any mood. Whether you're feeling like Susie Sunshine or Debbie Downer, this kitchen towel hangs easily to display either message.

- Material: 90% micro polyester, 10% polyamide (11.6oz/yd² (360 g/m²))
- One size: 16x34; x 25x34;; (40.6cm × 63.5cm)
- Sewn-in care label
- Blanks are sourced from China, printed and shipped in the US",https://awongisright.com/shop/funny-tea-towel-what-doesnt-kill-what-does-kill-you,https://images.squarespace-cdn.com/content/v1/5d1f805519480f0001cfe1b6/1674517515144-BRJ60NYAM5NKMEEPIQXO/0c30ad62f519a635e7cd8d67105c8c8f https://images.squarespace-cdn.com/content/v1/5d1f805519480f0001cfe1b6/1674517518434-A5W4CESBBUZOD3361HT9/e35e54cdca6bba9aeef5fbfae1a192f2 https://images.squarespace-cdn.com/content/v1/5d1f805519480f0001cfe1b6/1674517518752-9OJW4CG6YIBUBTOJOVOU/1b1754383cf94345ecb4d85945ed33ee https://images.squarespace-cdn.com/content/v1/5d1f805519480f0001cfe1b6/1674517519613-P1DEW4NA2HVEFAK5OPJJ/9d3b31deb84104fb82e572cde14eef22 https://images.squarespace-cdn.com/content/v1/5d1f805519480f0001cfe1b6/1674517521714-I5SRVZ4YK5CHX9MN8WKG/e0e59fd3311255239695d32a115fee1f https://images.squarespace-cdn.com/content/v1/5d1f805519480f0001cfe1b6/1674517523995-W5WH417FKXJIBTNVPNFX/9659dad4643b16aeb99a7726d089ea27, $15.00 ,in stock
63c72fd60a258216f0d06384,Hand Lettered Funny Tea Towel -- Eat Like Someone's Gonna Steal It,"- Material: 90% micro polyester, 10% polyamide (11.6oz/yd² (360 g/m²))- One size: 16″ × 25″ (40.6cm × 63.5cm)- Sewn-in care label- Blanks are sourced from China, printed and shipped in the US",https://awongisright.com/shop/hand-lettered-funny-tea-towel-eat-like-someones-gonna-steal-it,https://images.squarespace-cdn.com/content/v1/5d1f805519480f0001cfe1b6/1673998296903-08UWPSA3B0GBZ588T19V/29631c5dd0225e6f292ac1d39f4685ce https://images.squarespace-cdn.com/content/v1/5d1f805519480f0001cfe1b6/1673998300162-NCIIS9OFGYNHNU4PE1Y6/350ab7e35cba71ba42270a40784dbbab https://images.squarespace-cdn.com/content/v1/5d1f805519480f0001cfe1b6/1673998301158-6FE47MO3SWDD4E5MJ9Q9/08fdaa473e7fce7b68827bf56062e23b https://images.squarespace-cdn.com/content/v1/5d1f805519480f0001cfe1b6/1673998301336-B6J0U1W7OUEWHFKU1SP4/3deb6e99c854079e80ea7f4b6fff1059 https://images.squarespace-cdn.com/content/v1/5d1f805519480f0001cfe1b6/1673998303951-GLA68644F1OVCNE7XFE1/24bd4dc5e001e6dece0754d229de4ab2 https://images.squarespace-cdn.com/content/v1/5d1f805519480f0001cfe1b6/1673998305702-8VWQ9G0Q174G2BEUMRQY/797bf34664f403e26efdd7db69dd3fc6, $15.00 ,in stock
63c72b4a80532a55e7f04424,Eat Like Someone's Gonna Steal It Enamel Camp Cup,"Dance like no one's watching, eat like someone's gonna steal it. This enamel mug is 12oz. and dishwasher safe with a black rim for a unique look. Material: cold-rolled steel plate, with enamel glazed surface One size: 12oz (0.35 l) Glossy finish Dishwasher safe",https://awongisright.com/shop/eat-like-someones-gonna-steal-it-enamel-camp-cup,https://images.squarespace-cdn.com/content/v1/5d1f805519480f0001cfe1b6/1673997132420-J0UKJT3G3KNBP3FMI4VQ/b2fdcd87dfd675fd13dcc23607b4b407 https://images.squarespace-cdn.com/content/v1/5d1f805519480f0001cfe1b6/1673997135044-HFG8YS97DBAFOZJB4MEX/7cf36537729083109db296bb5555b1f7 https://images.squarespace-cdn.com/content/v1/5d1f805519480f0001cfe1b6/1673997135301-P65REPBUPPQVSU2WWRGX/6c6fa36971d8b47a9826cb2b69aea5b6 https://images.squarespace-cdn.com/content/v1/5d1f805519480f0001cfe1b6/1673997135808-MK5W6Q46RJNL05RZ29AY/17a56102eaf3f9f4c0fb09b9e838abe6 https://images.squarespace-cdn.com/content/v1/5d1f805519480f0001cfe1b6/1673997135809-60YH2Q9GPEBB1WKOVZRT/9670305625fc787fd7ed0ed416113e92, $18.00 ,in stock
63c729da80532a55e7f042e3,If You Can't Say Anything Nice Say Something Sarcastic Mug 11oz,A fun hand-lettered twist to a common saying. Never run out of your favorite hot drink! Durable white ceramic mug in the most popular size. • White ceramic • 11 oz (0.33 l) • C-handle • Dishwasher safe,https://awongisright.com/shop/if-you-cant-say-anything-nice-say-something-sarcastic-mug-11oz,https://images.squarespace-cdn.com/content/v1/5d1f805519480f0001cfe1b6/1673996766328-SU1NU7PQS2VXGKQYS4H3/306cbaae7355450fb5556a3be5933ef0 https://images.squarespace-cdn.com/content/v1/5d1f805519480f0001cfe1b6/1673996768988-GS7FCTEZ1U44U1SVBGHK/946b73af044265c98febdc48cb41e3f2 https://images.squarespace-cdn.com/content/v1/5d1f805519480f0001cfe1b6/1673996769177-VTV2U6ZQE5EUSQPKZUVX/a7c237159eac11fa0f4b5a3fcc8cc372 https://images.squarespace-cdn.com/content/v1/5d1f805519480f0001cfe1b6/1673996769973-7POH62KDT4KFEEGEXOTL/a73521da35fa832b3fec0e3e9d26346a https://images.squarespace-cdn.com/content/v1/5d1f805519480f0001cfe1b6/1673996770098-NCOU3Y4NFHC4SP7ULMMK/0664e9e8384ce8151e5b29886ad8df52 https://images.squarespace-cdn.com/content/v1/5d1f805519480f0001cfe1b6/1673996770677-772A3ZUG3A9FYE8YXPFS/ddea113d1f3e3c6e4734934263b36530, $12.50 ,in stock
63b892860dc12d5b59efd9a9,"Drinks Like a Sailor, Swears Like a Fish Enamel Camp Cup","Whether it's whiskey or coffee, this mug is ready for your next camping (or sailing) adventure. This enamel mug is 12oz. and dishwasher safe with a black rim for a unique look. Material: cold-rolled steel plate, with enamel glazed surface One size: 12oz (0.35 l) Glossy finish Dishwasher safe",https://awongisright.com/shop/drinks-like-a-sailor-swears-like-a-fish-enamel-camp-cup,https://images.squarespace-cdn.com/content/v1/5d1f805519480f0001cfe1b6/1673569093325-PH50UF2XMDBISPYZCWBO/d1bbee23f6182c9a27883906983d8bc4 https://images.squarespace-cdn.com/content/v1/5d1f805519480f0001cfe1b6/1673569094744-C0F546GX7NJG3ZSO2NPA/25006888c017a1cd82eb6d60e67c7b3a https://images.squarespace-cdn.com/content/v1/5d1f805519480f0001cfe1b6/1673569094923-0CTMTH8LHCCT01S2DY67/f6970623e134ea5b1ca2bde126a28fcf https://images.squarespace-cdn.com/content/v1/5d1f805519480f0001cfe1b6/1673569095015-4F9XINZOJZITKJV2IND9/a87a073bfe003cb41706166d5ac33f3e https://images.squarespace-cdn.com/content/v1/5d1f805519480f0001cfe1b6/1673569095702-W9EKPZH9X40OXIX26NDC/159dc2895d0bf15a9c97882ea9e039e6, $18.00 ,in stock
63b891f38acc0617cc4cb22b,I'll Be Nicer If You'll Be Smarter Enamel Camp Cup,"Wise words with a warm cup of coffee. This enamel mug is 12oz. and dishwasher safe with a black rim for a unique look. Material: cold-rolled steel plate, with enamel glazed surface One size: 12oz (0.35 l) Glossy finish Dishwasher safe",https://awongisright.com/shop/ill-be-nicer-if-youll-be-smarter-enamel-camp-cup,https://images.squarespace-cdn.com/content/v1/5d1f805519480f0001cfe1b6/1673569090214-1GBPXNQGGIP3MMO4QA68/c5853585138814ecd799d1467d50de33 https://images.squarespace-cdn.com/content/v1/5d1f805519480f0001cfe1b6/1673569091243-80ZB32K6R3CGCW0IKPTL/0a1398b279e17837e7f9173786d2767b https://images.squarespace-cdn.com/content/v1/5d1f805519480f0001cfe1b6/1673569091691-B5CMVTDR1MJ491IQW8A3/f4cb707773abaa4ca4c24a7c7974e747 https://images.squarespace-cdn.com/content/v1/5d1f805519480f0001cfe1b6/1673569091693-72FAAB6SJ64AGTWFYMKD/44793a046049ea529758fdb4d3382e49 https://images.squarespace-cdn.com/content/v1/5d1f805519480f0001cfe1b6/1673569092233-1PDIKV81L5AKB2M05YRG/2389d67bdfc43165e035ad6c957ed21c, $18.00 ,in stock
63b8914a52214e4fafde8f00,Benson & Hedgehog Enamel Camp Cup,"Benson and Hedgehog are the perfect pair for your next camping adventure. This enamel mug is 12oz. and dishwasher safe with a black rim for a unique look. Material: cold-rolled steel plate, with enamel glazed surface One size: 12oz (0.35 l) Glossy finish Dishwasher safe",https://awongisright.com/shop/benson-hedgehog-enamel-camp-cup,https://images.squarespace-cdn.com/content/v1/5d1f805519480f0001cfe1b6/1673569063562-ZCFYVNSTFJV8LPPKHE06/197689cd50d69828f3c19face324a1c1 https://images.squarespace-cdn.com/content/v1/5d1f805519480f0001cfe1b6/1673569064666-CRIJ4XDLK9QT819WBOKG/f5c4d2c8e99f0d1c21596e10d4ec42c1 https://images.squarespace-cdn.com/content/v1/5d1f805519480f0001cfe1b6/1673569065036-SMAO7IAYHJ0EUP70QKER/3035e5a63a24e5ee5403070444890057 https://images.squarespace-cdn.com/content/v1/5d1f805519480f0001cfe1b6/1673569065645-BAGHV4EA09RYSKL753PY/cd5381195bc24a1970f441cc0e897f6d https://images.squarespace-cdn.com/content/v1/5d1f805519480f0001cfe1b6/1673569065852-QA120GM9KV7HMZF5NIEB/13fa6e56547a387016e587b19623f1e1, $18.00 ,in stock
637971d369dcb43fcc69ef11,Shit Could Be Worse Enamel Camp Cup,"Shit could be worse, but at least you're camping. This enamel mug is 12oz. and dishwasher safe with a black rim for a unique look. Material: cold-rolled steel plate, with enamel glazed surface One size: 12oz (0.35 l) Glossy finish Dishwasher safe",https://awongisright.com/shop/shit-could-be-worse-enamel-camp-cup,https://images.squarespace-cdn.com/content/v1/5d1f805519480f0001cfe1b6/1673569067922-NSUHSZ59S360UE09VBY2/8811def3b0b1b40cf09570fd9fd2de08 https://images.squarespace-cdn.com/content/v1/5d1f805519480f0001cfe1b6/1673569071215-4C68Y22ORSKMXUC39QWR/eddd4238291bc9b9d3e433097b61cc23 https://images.squarespace-cdn.com/content/v1/5d1f805519480f0001cfe1b6/1673569071236-1NQF850S8W9MUDR08DZ9/b0f36de329af881ebc407e6819bca45c https://images.squarespace-cdn.com/content/v1/5d1f805519480f0001cfe1b6/1673569071418-Z2BBOZEPXNC1EUM5QO52/bed59435588fda532717e8c194898c07 https://images.squarespace-cdn.com/content/v1/5d1f805519480f0001cfe1b6/1673569072337-LQ70A3GQL9VE00G3QOEE/07c750f1590099a69d8a7bd12fa3a330, $18.00 ,in stock
6372c6eaff31ab3905eb10c1,Drinks Like a Sailor Swears Like a Fish Mug 11oz,A fun hand-lettered twist on some common sayings. Never run out of your favorite hot drink! Durable white ceramic mug in the most popular size. • Black ceramic • 11 oz (0.33 l) • C-handle • Dishwasher safe,https://awongisright.com/shop/drinks-like-a-sailor-swears-like-a-fish-mug-11oz,https://images.squarespace-cdn.com/content/v1/5d1f805519480f0001cfe1b6/1673569080750-YWYRCLLQETW2XXL459LS/fa1893e74f35881aae696baaddc90291 https://images.squarespace-cdn.com/content/v1/5d1f805519480f0001cfe1b6/1673569083212-LXL0SM89UKJIO8YGS9XS/3ec5e1b5a74a662e069f32fd9dab6283 https://images.squarespace-cdn.com/content/v1/5d1f805519480f0001cfe1b6/1673569084009-TPVQJQ2UAQH15566DTXG/4a0aac516daab3d53920ca6a6e503d81 https://images.squarespace-cdn.com/content/v1/5d1f805519480f0001cfe1b6/1673569084593-UQMP7LNPNK4U24DFYK4C/5505b94d7f2b8e0998c7e457dcee7ef8 https://images.squarespace-cdn.com/content/v1/5d1f805519480f0001cfe1b6/1673569084738-B7UFEGTJPQP4XDQVT0N7/8e8f0076f782ac94b10c20b2c97efb37 https://images.squarespace-cdn.com/content/v1/5d1f805519480f0001cfe1b6/1673569084942-2WHEYKPA7XHET4W8JPLG/1e0f428ba919959290069fd18ca5b1a3, $12.50 ,in stock
6372c6522b948c6721c0eaad,Shit Could Be Worse mug 11oz,"Bestselling poster, now available as a mug. Never run out of your favorite hot drink! Durable black ceramic mug with gold lettering. • Black ceramic • 11 oz (0.33 l) • C-handle • Dishwasher safe",https://awongisright.com/shop/shit-could-be-worse-mug-11oz-1,https://images.squarespace-cdn.com/content/v1/5d1f805519480f0001cfe1b6/1673569086254-ROJ921S6R2JQK26DWNTR/aa733b3df7f516930e831eb9bc6ce9c2 https://images.squarespace-cdn.com/content/v1/5d1f805519480f0001cfe1b6/1673569089358-K7JT7KTGTT1YPXYWJ6GO/91295b741116a747c016aff20d02c51b https://images.squarespace-cdn.com/content/v1/5d1f805519480f0001cfe1b6/1673569089507-R96CN6U946NBDRFKJYG8/e123b07c66c63350f0cfc6c2aa7fa0cf https://images.squarespace-cdn.com/content/v1/5d1f805519480f0001cfe1b6/1673569089590-K90J5W42RQ4P3U7J086C/1225d00c74a22385315237f4d49f2fe1 https://images.squarespace-cdn.com/content/v1/5d1f805519480f0001cfe1b6/1673569089675-882L5O0TZAFLJP2D5PP8/945289a660ce6e06bd1798cc08c49a7d https://images.squarespace-cdn.com/content/v1/5d1f805519480f0001cfe1b6/1673569090226-QU5VK5BZ3ZPFFM9Q54FP/ef8bcaf72e987c364df42b35932c3eba, $12.50 ,in stock
637144362b948c6721bff965,"Funny Hang Tags - You're Welcome, Linoleum Block Gift Tags (5-pack)","Gift tags for presents so awesome you can skip the Thank You card.<br><br>3 3/4x1 7/8” manila shipping tags with hand-stamped “You’re Welcome”. Tags are hand-pressed, single process linoleum block print on 13 point cardstock with brown, reinforced circle. Each tag includes a red & white baker's twine loop, is individually pressed by hand and will contain some unique imperfections.<br><br>Please contact me for larger orders.",https://awongisright.com/shop/funny-hang-tags-youre-welcome-linoleum-block-gift-tags-5-pack,https://images.squarespace-cdn.com/content/v1/5d1f805519480f0001cfe1b6/1668367415271-QUL6FH7IK0Q6VJ2MBF0H/https%3A%2F%2Fi.etsystatic.com%2F6311609%2Fr%2Fil%2Fef8644%2F1461242621%2Fil_fullxfull.1461242621_a71v.jpg https://images.squarespace-cdn.com/content/v1/5d1f805519480f0001cfe1b6/1668367415849-ADS6EV6VXUC55IWEUBUK/https%3A%2F%2Fi.etsystatic.com%2F6311609%2Fr%2Fil%2F91d526%2F438795874%2Fil_fullxfull.438795874_pgcz.jpg https://images.squarespace-cdn.com/content/v1/5d1f805519480f0001cfe1b6/1668367416310-HXNR97KCN4J61EPEM4GK/https%3A%2F%2Fi.etsystatic.com%2F6311609%2Fr%2Fil%2F710a52%2F438807933%2Fil_fullxfull.438807933_6l1b.jpg, $5.00 ,in stock
637143fb5e4d981e96bd87bd,"3x3"" Sticker 4-Pack","<p class="""">Mix and match any 4 stickers for your 4-pack. Please list which ones you would like as a message in your purchase. Stickers are 3x3"" on quality vinyl.<ul data-rte-list=""default""><li><p class="""">Benson and Hedgehog Christmas</li><li><p class="""">Shit Could Be Worse</li><li><p class="""">GTFO (4x4"")</li><li><p class="""">Drinks Like a Sailor Swears Like a Fish</li><li><p class="""">Benson and Hedgehog Balloon</li><li><p class="""">Space Hedgehog</li><li><p class="""">It's An Honor Just To Be Asian</li><li><p class="""">Spooky Scary</li></ul><ul data-rte-list=""default""><li><p class="""">Benson and Hedgehog Sniffing</li></ul>",https://awongisright.com/shop/3x3-sticker-4-pack,https://images.squarespace-cdn.com/content/v1/5d1f805519480f0001cfe1b6/1668367355239-LAHI7BAIZNNLCMV39YNQ/https%3A%2F%2Fi.etsystatic.com%2F6311609%2Fr%2Fil%2Fb38091%2F4257386058%2Fil_fullxfull.4257386058_cvo5.jpg https://images.squarespace-cdn.com/content/v1/5d1f805519480f0001cfe1b6/1668367355762-VMDSNYAXDAKVPATQMZOC/https%3A%2F%2Fi.etsystatic.com%2F6311609%2Fr%2Fil%2F3cbcb5%2F4341244200%2Fil_fullxfull.4341244200_hlnh.jpg https://images.squarespace-cdn.com/content/v1/5d1f805519480f0001cfe1b6/1668367356327-VFWJQ1DWVUV2M7B98APH/https%3A%2F%2Fi.etsystatic.com%2F6311609%2Fr%2Fil%2Fd787fc%2F4304782273%2Fil_fullxfull.4304782273_152l.jpg https://images.squarespace-cdn.com/content/v1/5d1f805519480f0001cfe1b6/1668367357012-T3UD2J9KPCE32F44WEDI/https%3A%2F%2Fi.etsystatic.com%2F6311609%2Fr%2Fil%2F1dd6c4%2F4304782263%2Fil_fullxfull.4304782263_rzxd.jpg https://images.squarespace-cdn.com/content/v1/5d1f805519480f0001cfe1b6/1668367357568-TD0W6EVWBU3F4J0HGJUE/https%3A%2F%2Fi.etsystatic.com%2F6311609%2Fr%2Fil%2Fc4bc2d%2F4257386038%2Fil_fullxfull.4257386038_5iqx.jpg https://images.squarespace-cdn.com/content/v1/5d1f805519480f0001cfe1b6/1668367358288-AE81BIJPX0MGWQRKVOPQ/https%3A%2F%2Fi.etsystatic.com%2F6311609%2Fr%2Fil%2Fce8346%2F4257386010%2Fil_fullxfull.4257386010_i2yc.jpg https://images.squarespace-cdn.com/content/v1/5d1f805519480f0001cfe1b6/1668367359066-XU56DNMCZ0HGWM22IDCH/https%3A%2F%2Fi.etsystatic.com%2F6311609%2Fr%2Fil%2F57cc89%2F4304782229%2Fil_fullxfull.4304782229_nl0m.jpg https://images.squarespace-cdn.com/content/v1/5d1f805519480f0001cfe1b6/1668367359694-WSPZAFQ5OL84YQKVXW06/https%3A%2F%2Fi.etsystatic.com%2F6311609%2Fr%2Fil%2F74d84a%2F4257386110%2Fil_fullxfull.4257386110_j16a.jpg https://images.squarespace-cdn.com/content/v1/5d1f805519480f0001cfe1b6/1668367360222-7F3F98DF148LTZD5HS64/https%3A%2F%2Fi.etsystatic.com%2F6311609%2Fr%2Fil%2F206405%2F4257386116%2Fil_fullxfull.4257386116_p4nr.jpg https://images.squarespace-cdn.com/content/v1/5d1f805519480f0001cfe1b6/1673043194319-10K8P7XSMQICXBHGD2YT/9A1AD48D-56B0-4CC1-BD1A-D710925A5630, $10.00 ,in stock
6371446d2b948c6721bff9c7,"Retro Thank You Notecards, Linoleum Block prints w/envelopes (5-pack)","4x6"" Thank You notecards (postcard style) with envelopes – available in packs of 5. Retro style notecards are hand-printed single-process linoleum block prints in teal on 140 lb. Muscletone cover stock from French Paper Co. Block is hand carved. Each print is individually pressed by hand and will contain some unique imperfections.<br><br>This is also available in teal, blue, black or orange and can be printed upon request.<br><br>Please contact me for larger orders.",https://awongisright.com/shop/retro-thank-you-notecards-linoleum-block-prints-wenvelopes-5-pack,https://images.squarespace-cdn.com/content/v1/5d1f805519480f0001cfe1b6/1668367470000-9TLCMEZQ7K91ZRI7501G/https%3A%2F%2Fi.etsystatic.com%2F6311609%2Fr%2Fil%2F031761%2F439046029%2Fil_fullxfull.439046029_apdk.jpg https://images.squarespace-cdn.com/content/v1/5d1f805519480f0001cfe1b6/1668367470730-7B2XGA9L2LZWH7OC4CQY/https%3A%2F%2Fi.etsystatic.com%2F6311609%2Fr%2Fil%2F6dc5e6%2F439032790%2Fil_fullxfull.439032790_7262.jpg, $12.50 ,in stock
6379638269dcb43fcc69e8be,"Benson & Hedgehog Christmas Cards (1, 10, 30, and 50pcs)","<p class="""">A Benson and Hedgehog holiday! 4.25x5.5 folded matte finish greeting cards with your two favorite pals. Available in 1, 10, 30, and 50 pcs for you to find the best match for your needs. All cards come with envelopes. Material: 270gsm paper Envelopes included Sustainable paper from FSC® and SFI® certified facilities",https://awongisright.com/shop/benson-hedgehog-christmas-cards-1-10-30-and-50pcs,https://images.squarespace-cdn.com/content/v1/5d1f805519480f0001cfe1b6/1668900346550-117095UHLZ3TESSO2XL0/1e6024a128ee44c3dc3614190edfbc91 https://images.squarespace-cdn.com/content/v1/5d1f805519480f0001cfe1b6/1668900350024-Y3R5S6Y2U0XE1QGE8WYK/37319d82141fa4b8b06f222842d7c1e6 https://images.squarespace-cdn.com/content/v1/5d1f805519480f0001cfe1b6/1668900350097-AMTMQMQRDDV8Y0XCPHSO/4bbda8a92c68f2e7294dc080a489a948 https://images.squarespace-cdn.com/content/v1/5d1f805519480f0001cfe1b6/1668900347394-P68UFD9BYWN7DCACOJ0D/262ceda0eabb8ee59b3258f4fdf5700f https://images.squarespace-cdn.com/content/v1/5d1f805519480f0001cfe1b6/1668900348087-GORZAO4H13PVCLW0EL5F/5275d3dde7e3d0df2a3937c2a529e3d4, $5.33 ,in stock
637161ef5e4d981e96bd9def,Holiday Card - Jolly Whatever (5-pack),"Somewhat non-denominational, postcard-style holiday card. Offset printed on 14lb cover stock in burnt red and blue with a small snowflake. Available in packs of five cards. Envelopes included.<br><br>If you would like to order a larger amount, or with envelopes, please contact me directly and I will create a listing for you.",https://awongisright.com/shop/holiday-card-jolly-whatever-5-pack,https://images.squarespace-cdn.com/content/v1/5d1f805519480f0001cfe1b6/1668375023830-CR7X3WXPD8VJE1QI4CRO/https%3A%2F%2Fi.etsystatic.com%2F6311609%2Fr%2Fil%2F2cfe16%2F514906464%2Fil_fullxfull.514906464_g3hy.jpg https://images.squarespace-cdn.com/content/v1/5d1f805519480f0001cfe1b6/1668375024651-3I7JCPZIIADE3LG6RAOY/https%3A%2F%2Fi.etsystatic.com%2F6311609%2Fr%2Fil%2F713ead%2F514970299%2Fil_fullxfull.514970299_dr0v.jpg, $12.50 ,in stock
637161ed5e4d981e96bd9dec,Holiday Card - Very Merry Something (5-pack),"Somewhat non-denominational, postcard-style holiday card. Offset printed on 14lb cover stock in burnt red and blue with a small snowflake. Available in packs of five cards. Envelopes included.<br><br>If you would like to order a larger amount, or with envelopes, please contact me directly and I will create a listing for you.",https://awongisright.com/shop/holiday-card-very-merry-something-5-pack,https://images.squarespace-cdn.com/content/v1/5d1f805519480f0001cfe1b6/1668375022104-MY7Y4ZH96H5BYC6G405N/https%3A%2F%2Fi.etsystatic.com%2F6311609%2Fr%2Fil%2Fcafb5d%2F514903612%2Fil_fullxfull.514903612_4nqg.jpg https://images.squarespace-cdn.com/content/v1/5d1f805519480f0001cfe1b6/1668375022591-AXNKEHD0OCIQSAJC5CXA/https%3A%2F%2Fi.etsystatic.com%2F6311609%2Fr%2Fil%2Ff56567%2F514903610%2Fil_fullxfull.514903610_o4on.jpg, $12.50 ,in stock
637161ebf75f4e346572a0db,"Happy Holidays Card (4x6"") & Envelope","4x6"" Happy F*cking Holidays card. 2-tone linoleum block process on 140lb Muscletone cover stock from French Paper Co. Printed in blue and white. Hand carved type and small snowflake detail. Inside is blank. Each print is individually pressed by hand and will contain some unique imperfections.<br><br>Envelope included.",https://awongisright.com/shop/happy-holidays-card-4x6-envelope,https://images.squarespace-cdn.com/content/v1/5d1f805519480f0001cfe1b6/1668375020258-R2XEX9QJCE0LE4ODD7D7/https%3A%2F%2Fi.etsystatic.com%2F6311609%2Fr%2Fil%2F8c1bd4%2F514905116%2Fil_fullxfull.514905116_pcq2.jpg https://images.squarespace-cdn.com/content/v1/5d1f805519480f0001cfe1b6/1668375020764-UBITBTE5TY0ZBK05NJMR/https%3A%2F%2Fi.etsystatic.com%2F6311609%2Fr%2Fil%2F6f17f3%2F514968869%2Fil_fullxfull.514968869_po94.jpg, $5.00 ,in stock
63714412f75f4e3465728b48,"Happy Hedgehog Greeting Card, Silkscreen Card w/envelope","This happy hedgehog is perfect for any occasion. Write your message in the word bubble on the front.<br><br>4x6” folded card with 100% recycled paper envelope. Card is a 2-process silkscreen print in hand-mixed red and black ink on 140 lb. Muscletone cardstock from French Paper Co. Inside is blank. Each print is individually pulled by hand and will contain some unique imperfections. Colors may vary.",https://awongisright.com/shop/happy-hedgehog-greeting-card-silkscreen-card-wenvelope,https://images.squarespace-cdn.com/content/v1/5d1f805519480f0001cfe1b6/1668367379097-98ZHOFGQAZ6BMEHXBVYN/https%3A%2F%2Fi.etsystatic.com%2F6311609%2Fr%2Fil%2F44e264%2F472645787%2Fil_fullxfull.472645787_cicx.jpg https://images.squarespace-cdn.com/content/v1/5d1f805519480f0001cfe1b6/1668367379834-TMIP7NB3DKP04CXUW6KH/https%3A%2F%2Fi.etsystatic.com%2F6311609%2Fr%2Fil%2F1ecd0a%2F472624308%2Fil_fullxfull.472624308_iapy.jpg https://images.squarespace-cdn.com/content/v1/5d1f805519480f0001cfe1b6/1668367380318-W3KIZI1TD1CHFIDRKXUH/https%3A%2F%2Fi.etsystatic.com%2F6311609%2Fr%2Fil%2Fdde004%2F472645789%2Fil_fullxfull.472645789_mi6p.jpg, $6.00 ,in stock